Openness,Conscientiousness,Extraversion,Agreeableness,Neuroticism,Resilience
57.450712295168486,63.892663212974625,70.99033154879004,61.675416142499564,39.87232587538428,Resilient
47.92603548243223,78.64124960705196,63.869505243691535,41.732214255071995,47.83221993926723,Non-resilient
59.715328071510385,29.02148639271288,50.89445554880261,37.72701674866539,38.11370118500058,Non-resilient
72.84544784612038,58.444538550358565,40.295948334416394,49.94938313883572,45.38057705541439,Non-resilient
46.48769937914996,40.2403614631726,60.47334970420385,47.447230662126074,21.595779995693213,Non-resilient
46.487945645762295,42.69311924352956,55.90228078132624,43.201579260090874,53.19940561059408,Non-resilient
73.68819223261087,41.11409113641696,63.42789830041598,60.44581171185073,50.01808213043336,Non-resilient
61.51152093729363,37.04013845480276,59.52757702522954,64.32957812855766,37.74367053397714,Non-resilient
42.95788421097572,50.72782441917241,65.74329072979003,51.32610329437771,59.88868502648607,Non-resilient
58.13840065378947,37.535748253834434,41.97147182659148,72.16295121582893,64.06355206439838,Non-resilient
43.04873460781307,54.056852386697585,69.76091098451488,32.87466328799742,25.886602034465387,Non-resilient
43.01405369644615,49.246428358262946,52.96399407038599,47.095108110804226,38.55912832150679,Non-resilient
53.629434073490515,46.41577929700385,81.12891308937898,39.247665190957925,38.46286475319053,Non-resilient
21.300796330133032,36.386545069376034,39.66218272865648,22.0019507439041,35.90145348336703,Non-resilient
24.126232512304508,41.34843004147501,76.03945704747875,48.75978971235951,62.44212262897623,Non-resilient
41.56568706138541,61.33086838738634,52.96866175193972,48.17378737425075,47.09260791840795,Non-resilient
34.80753319498364,57.51375781436571,40.22872994578327,72.70174614863197,46.03227738034084,Resilient
54.71370998892911,35.33667132802174,42.741712489185176,59.462175268321666,19.942064533898698,Non-resilient
36.37963886718184,51.489984581438385,45.1947903770852,34.63719763506192,59.5312704531384,Non-resilient
28.815444479970626,61.27080685057683,56.36248919602875,77.81138849501282,31.41112407719791,Resilient
71.98473153382331,24.958920783179423,57.84253232053249,68.31550543288029,50.89898945399492,Non-resilient
46.61335549270196,58.15040288569902,41.394499940921314,58.731465552029235,54.160654069372875,Resilient
51.012923070318855,40.060643615812296,49.634681116085254,46.60273851725252,70.40987893757976,Non-resilient
28.628777206798148,58.55898002889739,82.13405537917795,35.6084114491478,30.36769401321332,Non-resilient
41.834259132122256,38.55111265186225,75.91314755151066,44.416898358934205,4.707317662687622,Non-resilient
51.663838845647994,22.926768490032213,56.54485504511048,66.33122929556279,52.75774317130542,Non-resilient
32.73509633866546,25.586863431752562,50.570052172523006,78.26879458901914,77.0076677226628,Non-resilient
55.63547027518508,50.72127419992073,51.80046990077392,73.14865292408284,68.58419529409156,Non-resilient
40.99041965121793,53.89583752582223,59.20276959095625,42.667258673205886,53.14489122911939,Non-resilient
45.62459375310085,36.43525062343387,34.658111522023916,33.205738500664836,42.62545721551929,Non-resilient
40.97440081655905,59.57888688166061,46.139351938649824,52.113293703668056,62.10683894955966,Non-resilient
77.78417276763406,25.0771990659656,24.97123889183616,23.473409516557226,35.39680700443297,Non-resilient
49.79754162893099,49.00880302029025,55.98834683907919,54.847515712771724,57.14536654034329,Non-resilient
34.13433606566149,31.83475700356315,59.707939095541114,47.78596120551997,57.5820523874994,Non-resilient
62.338173681547836,40.222458382967616,42.75220306550939,43.00945247197637,65.90314861248319,Non-resilient
31.687345250434667,50.71098006974621,73.6098014493505,26.07945399099807,91.39490058366616,Non-resilient
53.132953925071334,37.09379952074072,31.613515054964882,57.704001598545744,55.88623950768151,Non-resilient
20.604948141803366,44.23166683655262,28.034376796852698,42.009487405071326,42.36554561438752,Non-resilient
30.077209266523543,65.0943921382166,53.36677727839958,32.451247464345684,49.616385317120084,Non-resilient
52.952918538036855,41.34662195715277,65.70647453918232,6.916066800775262,23.463861426663225,Non-resilient
61.07699869993115,62.535381680977125,75.25891537186803,49.58727642424046,39.579303033664125,Non-resilient
52.57052421784956,33.05439718013573,43.1167360569659,76.58377395004617,43.86076342830344,Non-resilient
48.265275764176394,57.947062668729245,66.18021250146944,74.91888821821806,42.138674030981115,Resilient
45.48344456616067,71.6235293098685,49.422372957489394,43.14355615120592,52.28532308050583,Non-resilient
27.822170144488588,12.925332498090661,47.41059050088771,40.966819094573296,37.66370101426699,Non-resilient
39.20233687407937,38.046571167942844,63.25489906230008,57.031613841125356,66.81546000986707,Non-resilient
43.09041843560319,58.6560819077081,59.78484317620129,35.02421841217563,50.00310597377295,Non-resilient
65.85683339328374,46.95431920935511,26.354117645236258,54.52687849729199,49.860495182920786,Non-resilient
55.15427434352692,55.56718810056963,72.14810524588844,61.491204175770356,45.081579252306234,Resilient
23.55439766955899,40.94022219926269,70.70137031221176,68.40399835826462,52.32786025788469,Non-resilient
54.86125954092192,51.2988468120935,40.61655947735706,48.49768885280071,62.37647397001452,Non-resilient
44.22376579375525,47.664841469118805,55.93705300156114,46.94489374734551,36.9930467643365,Non-resilient
39.84616999541062,67.5167309248971,57.41045279424108,36.830261198651584,40.12825266387115,Non-resilient
59.175144332613016,53.816312649518196,53.910106487358604,37.5967946894021,45.44410956835003,Non-resilient
65.46499283743927,55.064039931128036,41.7454226923187,46.602816621477096,29.811936147901775,Non-resilient
63.96920178674298,43.82184550816299,39.92564948092922,55.510482602242675,37.71113210417754,Non-resilient
37.41173715166042,42.6859066389126,49.61668893512832,63.703769393498746,42.85668689683011,Non-resilient
45.36181436223178,43.51162718270569,67.59093528889048,37.95231573979483,63.11583771069091,Non-resilient
54.96895147105346,55.91678213567445,58.15400231891648,72.39032853439282,53.938419935028875,Resilient
64.63317690683539,43.68523278769605,44.44078501870841,45.93314598436147,52.90384867051316,Non-resilient
42.81238643232065,54.34662285344619,61.57548065972517,49.67949058477346,62.763469432519585,Non-resilient
47.215115350042744,81.13101197968157,7.27186069054887,38.79182481278265,47.93942317400905,Non-resilient
33.40497538990958,63.06687055147539,67.23148550558156,13.636396095905873,55.856972748933345,Non-resilient
32.05690063878994,45.10964701748238,23.904293318328506,63.26068094541574,48.451673706012556,Non-resilient
62.18788733591297,68.01820883245918,44.563385878953014,61.0526584563865,53.980435240994424,Resilient
70.34360042856234,43.87886940467673,33.20495158060784,45.780086643226795,41.25862013582627,Non-resilient
48.91984817629499,19.428131972332192,30.579777864186415,51.00486075837308,13.417742625853563,Non-resilient
65.05299346838036,34.87870533623894,67.41240181067779,57.73908826556149,47.985812567205436,Non-resilient
55.424540375714514,21.938121184612164,42.98448198032163,26.56181214670186,71.3412220414991,Non-resilient
40.323203680923136,44.72729773938037,55.197558225960734,42.06420983980558,63.893231033623884,Non-resilient
55.42093408262621,50.276275687843274,49.29619131681224,61.913970194327405,64.48096226886756,Non-resilient
73.07054849698955,75.14655968412924,57.15561240834682,31.18565865246126,68.54196082709326,Non-resilient
49.46260941335073,54.90391060646244,51.15232836590383,54.40336898249944,51.32986386442156,Non-resilient
73.4696548372101,46.71349206786704,30.755116637171454,29.651272930648926,52.959735611083936,Non-resilient
10.703823438653835,62.441083717752335,64.94400229170711,56.996449736502896,40.73522156848475,Resilient
62.32853756562836,16.832970364881724,42.593651252580315,49.465377765537745,45.25890715959425,Non-resilient
51.30570602357257,53.53421837162849,26.651271520103734,25.77302276141736,59.23656724656712,Non-resilient
45.51488974301199,61.562977908304504,43.578272585511314,67.47109031685757,68.05826655753225,Resilient
51.37641164803254,27.821206313302376,72.51139685951466,38.981126348029264,47.90830586478501,Non-resilient
20.186466280986608,67.15631064810394,62.753326131702394,37.84621344478428,43.24716102722883,Non-resilient
46.70492168243732,55.07744611241621,44.77021798388211,53.008537958464146,50.00791938284896,Non-resilient
55.3566885726762,43.77068129148798,44.76113443522357,67.22956024143073,59.01810123393672,Non-resilient
72.16841067112274,59.491727991594274,45.17547423173926,34.762672715324044,28.342177757996872,Non-resilient
42.22594672589529,84.06039286706593,81.15121975341262,50.92519774771957,15.557285702941428,Non-resilient
37.87259595660218,52.72799382587743,55.7290317834733,56.432247504958596,41.74194725762625,Non-resilient
42.47364434623195,53.723308794505044,56.45062470786604,60.39658410894716,31.68931361128762,Non-resilient
63.731031765531114,43.109586506896335,65.45425181047763,52.64662332915838,42.37789703529034,Non-resilient
54.93126664489527,37.25233445802812,53.581837385397705,44.494582413750166,47.78329521773793,Non-resilient
42.05359694349442,62.455037248163684,46.11436781268945,37.5861466902692,43.2012738646548,Non-resilient
57.699011496700344,37.15874261136699,47.05475226372533,51.292158245695624,71.78701301706118,Non-resilient
51.456163240220604,51.073493558290885,48.92598110878904,33.9179148202159,54.9011714690348,Non-resilient
64.52967485799334,42.83513829852325,49.44166645235238,6.179742747580889,54.507115394162426,Non-resilient
39.469203591839715,57.18469738619588,60.9144431545547,56.54839706236502,59.333107160651025,Resilient
45.085067801033475,55.00493157930423,50.77918828710949,63.55902261629293,32.917503233288464,Resilient
44.118377703017636,65.56309916386849,60.98960115823369,14.556013466872422,65.58667681130403,Non-resilient
28.04727577801822,42.349754017178796,48.78925129837126,34.854039429350934,48.863535701968104,Non-resilient
54.44180415596864,45.95187597059943,51.17952785474136,59.287313915077966,60.05720925861819,Non-resilient
53.91582908269834,35.31854426326539,20.026989732018386,80.86243204567548,33.92214150439767,Non-resilient
50.07670184963691,43.33560109885833,63.74491512053722,50.31190561513112,26.693618509759034,Non-resilient
46.481192999372794,55.65950739567278,55.19732713846989,39.07995588156298,62.26834487037543,Non-resilient
28.769438869243785,61.35482924968028,64.97015164789478,47.256553383427395,55.64614289146275,Non-resilient
43.69032015851961,36.167520137335615,6.556169327094658,70.62314628722277,36.46922668463735,Non-resilient
44.85928225209846,63.044088801584905,81.32562057171091,40.310537313131974,36.95505378087958,Non-resilient
37.96584096167572,70.33456788207427,47.90615557767239,38.0121199002462,66.88152176622154,Non-resilient
47.580714325009865,56.20152354835551,66.62274225106275,42.758847167269515,32.15882160699008,Non-resilient
56.060762852218076,78.151937188371,34.401411093117034,35.70007087611931,74.64009429883944,Non-resilient
78.29278851815795,38.39316201344641,59.191608575938545,51.84005473992193,36.49068898028197,Non-resilient
52.61866719247759,31.330179450328746,34.198766552395156,74.3701768770434,59.57587888412574,Non-resilient
53.86325586084146,23.31919626643582,40.64346558956292,54.84618909674044,45.07072286376523,Non-resilient
48.883311263507494,72.44066467233775,78.71047030800179,46.21469746810568,59.047811466235146,Non-resilient
21.21843177051438,59.81548484531086,47.1397639885498,45.62283096626684,41.838289968287114,Non-resilient
49.602291868261744,49.16622993634317,53.26149309769584,26.552137869550144,47.558106408915584,Non-resilient
50.9034531491154,54.1995293947973,63.05101596033131,63.246646657207386,50.61378763093582,Non-resilient
86.94863168727929,33.11766429052435,57.43522831958907,48.83244204480797,34.96718816327791,Non-resilient
47.114585528283165,86.68627969425239,52.256283577153646,47.29280129614062,61.11236518130189,Non-resilient
54.523210135004184,51.93831772962841,55.47441503699338,97.8966135176729,42.30179650292622,Non-resilient
49.47932345442135,51.64092191907339,86.05123377857413,54.48129362548529,46.571001269899725,Non-resilient
32.46982943570702,60.88649935848038,49.13571804449622,38.72313424857224,35.08475938087231,Non-resilient
67.14234221772531,57.2151384760507,53.016485700724516,43.60463605691685,11.564995118070343,Non-resilient
61.27899549030161,53.35826036418697,65.75981594011418,67.22668563795132,47.13458356099746,Non-resilient
61.865479205645705,38.142883168320324,66.58288899436975,51.69905615806647,86.18923132419374,Non-resilient
36.35918817807892,57.072025357039934,67.8054545834057,28.4258303252395,61.769064318470356,Non-resilient
71.04191466404149,78.2303674471255,59.580953330437765,63.78843401862805,49.71109430398408,Resilient
28.972234058115788,70.18130069232467,32.854926309042746,39.97783871691509,46.05663756187599,Non-resilient
58.80285640700406,73.89779939959095,74.50147298451644,78.09946664326318,50.33698839218069,Resilient
82.85683438714968,42.33176485353222,32.804819104719684,66.20072098571973,58.20678672762815,Non-resilient
35.14195512303968,35.15592769612129,54.5395319785855,43.29017156511873,32.28780777036732,Non-resilient
41.50553405595842,48.11319619850528,38.68586224970963,69.2152454260267,66.71482542003308,Non-resilient
51.49477047631462,50.835873684330416,49.03792480110511,51.01783265791105,60.73071973161866,Non-resilient
42.44786518825701,66.41287277706422,54.93143615455221,62.79160512683329,60.772785885619015,Resilient
26.74004853400801,24.61303055427771,54.8203582317541,57.27099225941712,56.57713608214591,Non-resilient
51.02844462209041,72.9432547919092,56.32881131352927,37.3046501751369,50.294249865409846,Non-resilient
34.06544429410843,47.629881521315156,74.20566903587971,40.346752515238066,60.0929185395023,Non-resilient
57.10388645952772,43.5967839507887,56.803014522709695,65.44941226371742,58.87721200612067,Non-resilient
36.20863648649295,34.81843437109749,46.33765047064027,44.97837001840189,44.68938933588464,Non-resilient
73.24901607526309,25.17714992201346,64.46130752432536,43.94527305137005,41.39597340654649,Non-resilient
38.251200614956446,62.34755875942872,67.8420573338696,35.673161309759706,51.527844428929804,Non-resilient
45.16907725691487,51.09976950782606,31.585882772945112,56.353985983901914,73.23530227242782,Non-resilient
62.202758260545046,30.650586503884192,58.96100104774787,80.93787378864718,31.413393865191487,Non-resilient
31.53703525349067,30.573818419045757,60.517591134663476,33.9870062861859,27.9871210137134,Non-resilient
53.41189901906194,44.96322951064808,45.53654744960012,50.36329185009137,52.47141261854775,Non-resilient
69.60714131423643,75.0353228793409,70.6356021996743,71.18330833123144,50.76331552784027,Resilient
25.88775148158159,46.10612972954593,47.7491661945121,48.805379131314275,52.60012496555612,Non-resilient
52.769507877984566,27.45285570322841,51.88364680207313,56.78557694374601,53.659297968627506,Non-resilient
53.89824191372635,46.313854038710836,47.40392263574196,34.0640970777968,46.65196618047792,Non-resilient
61.72734307665966,45.90914645378494,50.23368571372201,56.42460645811473,72.34795157903123,Non-resilient
31.445739336828773,9.546700355876425,33.55587369657197,47.192836024931765,25.986440322852268,Non-resilient
30.193150803735854,49.18557700223282,28.399236761085586,64.78594993519795,37.57254462829631,Non-resilient
57.829123484253465,46.53598204686983,73.91757594837458,67.81079077347127,48.45117859776429,Non-resilient
54.45477009849779,60.44309547220128,37.29557977522508,88.84345463027921,25.352167832687492,Resilient
53.75739275518815,77.73434142418017,35.129114758155396,58.69449759820363,47.362183933518935,Resilient
55.19672314245464,66.89847544321637,17.699148295944276,54.886944748732496,74.92205248592028,Non-resilient
39.79962917632264,45.96666964167754,40.41557378465747,52.91576452366004,50.313297324439425,Non-resilient
53.48380545741505,33.40211136887494,30.153653098887524,44.702505607839676,53.460513585780255,Non-resilient
54.39608709948022,88.60039704874791,74.63022740204553,55.077257651925365,31.097528522411295,Resilient
39.28472872960448,50.888276510217324,65.1472563401395,45.56897884791456,40.75457887940784,Non-resilient
77.98661766717134,50.20893937869419,39.67774482233414,52.52691464404421,44.37205429514094,Non-resilient
57.10749381367681,49.638123693349954,83.78653708016463,69.7639630341194,45.23427354865649,Non-resilient
32.13044754196027,52.971271411517826,64.72648230487391,34.90186152080538,69.22465692505654,Non-resilient
59.84830412950745,47.834593821140864,45.12752924737066,67.09817841693568,58.36536591087687,Non-resilient
35.379774946590175,41.39506989679646,12.508914276896405,69.75672601009798,33.32813064594452,Non-resilient
61.806269056136784,41.79711588139412,84.36413858886112,48.22897209513382,53.697571676480074,Non-resilient
67.37893368511106,49.50870094676002,29.15641299854606,18.172176514871083,57.47332622745178,Non-resilient
37.68976522472434,41.84862843299352,25.319018795646624,40.882670193583515,67.102235577819,Non-resilient
64.45064193866483,39.30731325984253,65.3385564801446,69.45491819841664,73.70811029852561,Non-resilient
56.191713904047475,51.596453415378456,86.59628609508908,49.656979065516765,34.77358712258197,Non-resilient
62.33090239991735,46.17534173868717,70.76409227765777,35.01046651557634,37.83713733184493,Non-resilient
78.4518947398092,72.55989482874033,58.45863680078539,42.42837618157674,31.136332116280755,Non-resilient
46.31917825995694,10.235452874104823,58.92131512497929,62.6093003975683,46.48970211339528,Non-resilient
38.693957534637654,66.37260277883692,62.80123338170462,58.20100352302069,56.995375616695014,Resilient
36.65728355561715,68.69127788746444,61.38392884680148,46.416018512454585,64.81001774883653,Non-resilient
37.762845725518424,18.89914651387776,54.21787135954064,44.49763382277969,48.86073464536216,Non-resilient
48.843474358788434,44.85968608879477,51.56301655927814,44.12362776434267,45.202287151177345,Non-resilient
55.117279622249654,44.428387010063126,49.06110308150716,36.163847232522464,52.27636988373111,Non-resilient
54.150361989950284,28.887324579232683,38.690531166999854,74.23063534204162,37.472856475549655,Non-resilient
62.40774873554036,38.33274968613687,45.78987384699839,45.1651929618299,81.3430808254216,Non-resilient
50.19502837816861,33.34136231801257,24.605647787069216,68.25737781238244,25.88508459322912,Non-resilient
71.80301115735975,76.28405665135435,48.52490559807875,72.81974077883677,52.77110868343587,Resilient
46.03014750143066,64.03517589721191,35.17113339273624,64.9746634722194,80.35409328844459,Resilient
90.80253749884429,69.07332642491238,33.44616024176344,43.52569530922928,50.10199766839997,Non-resilient
59.385010216475095,60.82508096064853,52.698412267302174,56.05595135504914,47.14941447497758,Resilient
37.14263665375576,33.06422343174156,70.880034295169,49.63706590413626,44.63831865784359,Non-resilient
33.93661252908332,42.132196005803394,63.774749090034696,36.44447208904808,47.29412477356388,Non-resilient
57.23708622864778,57.34061841841877,26.442490945652345,54.865389225824046,70.59272712014796,Non-resilient
46.64805822011223,31.668082866620818,35.15557795144494,32.31440313260296,16.822071330057398,Non-resilient
60.71000741138138,60.69497645258582,64.11156781982324,67.81519082692346,73.00150551944489,Resilient
57.09856436860317,46.39511902762798,35.26268909692536,43.03074054052411,28.640642713247825,Non-resilient
48.90756631014691,44.377687886756036,46.63050275004463,53.01739483809259,46.00021506148378,Non-resilient
37.29809422897392,60.664399523052374,58.25078148536828,54.24931807319213,43.56133369552008,Non-resilient
27.277291629712032,56.6639496722906,35.47483317704547,46.11642539443884,58.828299046560794,Non-resilient
43.302275718994686,44.585507512713804,51.580632592189396,58.80040702212912,26.028134721743786,Non-resilient
62.84598191485209,67.38994705046372,29.989617576226934,42.876445150662136,56.93258999122914,Non-resilient
53.21140616195306,33.78405008600154,40.9794853407318,63.06945946185866,80.36464434930278,Non-resilient
31.31391831932018,59.239034104163956,54.79672901213806,29.810304796298773,29.552389931107843,Non-resilient
52.59771388776773,58.89651886952576,26.105093997024962,51.89569369319618,52.84559251415593,Non-resilient
55.77976069593255,45.35680341029015,56.607121069405984,79.08393498587427,40.070267333050865,Non-resilient
36.74213845698301,54.89199533363177,49.70543301609978,34.995030130916376,56.388308092895535,Non-resilient
52.305876589182915,31.233296354220457,58.28734931625722,39.83382544212723,50.28721666123628,Non-resilient
50.87313077669,63.860405288103514,53.358712010969924,57.708617744883725,40.37769636433536,Resilient
32.85544553254066,47.22646795335516,70.46210644960766,52.69372672909397,57.31808427306611,Non-resilient
55.36681040522425,42.15915469221441,51.87836753971861,55.25945148910339,77.06522164680115,Non-resilient
58.41176789552352,65.73513838755333,43.558916883121206,57.337806952214954,47.13644312409052,Resilient
66.24576864762915,39.43484464185861,51.83446254548426,59.52082202842655,60.79636913222273,Non-resilient
65.80703078052355,28.873080554546604,58.14947043554582,66.64549762934334,30.600905631932545,Non-resilient
29.334959480643633,26.650562397141442,50.732901054885566,56.147279853927685,35.65345434772987,Non-resilient
35.93262440127316,59.0901492701846,50.608875368058236,46.38113518072186,57.08609416820566,Non-resilient
57.7255290081299,30.793559712555755,39.47012468289867,60.08860551804097,72.26174042803947,Non-resilient
57.706789263683135,76.32191272976547,40.05648623673578,78.49822902342824,55.3342002317849,Resilient
57.72571529459072,18.771058881744167,28.960920923004597,48.010493804261394,45.30412954215269,Non-resilient
107.79097235982081,75.44684552435058,76.24365114780409,35.38206042994038,49.98937108135031,Non-resilient
58.56335766039751,53.16526200803928,31.342051469130723,66.60621003930459,31.243883990454236,Non-resilient
67.03348460270898,48.549303321944116,39.60642203306139,48.19428254069603,59.0677298953305,Non-resilient
64.31002645239803,41.826213697865754,39.22389101646204,17.409956809789456,63.234995934851135,Non-resilient
59.77086876958697,55.987041715281066,63.42386565416662,62.711325157256326,43.218645007503795,Resilient
45.27096133039482,49.435479463627274,45.57575482561958,41.97007721069116,42.94936778360748,Non-resilient
61.38453830739901,66.54952823024783,68.716131090106,48.64200076543759,53.98817344478073,Non-resilient
38.40762178193643,51.7134147299306,39.897640636341976,54.979704958535216,43.44920395939107,Non-resilient
46.44772089889987,52.25452642192816,54.18491243335703,52.857495196685996,49.008010780612665,Non-resilient
42.71954678256345,44.54581681679216,37.46979420110364,60.64177725708559,81.49582683749773,Non-resilient
51.22811209079484,49.14581564418399,82.17723691660083,43.46770444145235,46.29461448881005,Non-resilient
84.71987850010262,54.61702653338089,32.18602371455731,57.69658697264124,44.62489771968167,Non-resilient
21.99102211112378,24.347474110150618,54.64731065340541,46.106799836241244,40.286872915472614,Non-resilient
60.2939028556177,29.777218668414307,59.50665321398148,61.08215721331254,61.16287957249905,Non-resilient
25.809261932155223,61.148961410340725,56.20698646177247,59.2305122601958,47.28163740172845,Resilient
42.9210220131585,52.562981571919124,47.220685116834375,35.96841946933107,40.25940442517861,Non-resilient
66.33425895451049,47.24024995470981,48.05268950399861,66.28973174262549,69.81956048409518,Non-resilient
50.96420028643194,50.2765089959809,50.657172079686646,41.96054832328928,71.29404506770456,Non-resilient
33.83382833106041,55.21372558042506,47.79496997557267,62.12086697421718,40.99364651391942,Resilient
39.27044436110047,41.90360479535958,64.45818675192365,55.50930970102011,22.001900729590755,Non-resilient
60.19396623402014,38.32542911896531,83.15784502387027,77.57275515192684,65.11270534755383,Non-resilient
39.04450052424295,52.93767882646522,41.637623224882496,46.64801026442222,39.73055261359994,Non-resilient
53.246878843729625,35.32440833577452,29.452955306313832,44.760248058227035,61.85938398744153,Non-resilient
50.68357759855721,56.12379133571708,48.67576927473118,49.708705911684014,20.448442734322466,Non-resilient
40.22599478591275,24.461245936432395,88.69564006481477,45.452303257485866,63.38896007448964,Non-resilient
82.15916133987989,65.43733455988465,37.944881480454036,61.99912852913075,31.83242106078828,Resilient
59.50878533477017,57.08896223619564,74.58675208166102,25.755340873451182,60.96146178599787,Non-resilient
19.622861200135894,53.840446014708135,75.1655122111466,34.194763712804686,50.21409601754651,Non-resilient
52.796814721541416,64.74036475918271,41.69617637438008,33.9829561763121,35.690908709050326,Non-resilient
40.07320302847418,74.98211666693865,58.534746187779135,64.25461387960364,43.894455306098294,Resilient
62.78650002194336,65.21555097527195,74.42594934692806,75.65920058872888,60.294776854350516,Resilient
38.11218892350949,22.386886530025322,44.313083885187694,48.433261721937924,51.58841679672852,Non-resilient
48.278953377996515,30.806345498964475,46.946294598464576,47.46767415214984,58.766194707087266,Non-resilient
57.57480918470686,40.62772133456482,41.274786290770344,51.050782446697724,79.64660876773229,Non-resilient
62.98632791255182,50.3913657531625,34.778649039607,67.42817453912286,26.53637582433423,Non-resilient
31.995553894163358,57.76488530703685,40.26083682400989,36.089702987141386,74.25818862452937,Non-resilient
44.98248146238578,39.11384280269802,31.64089599856615,53.57553474102178,51.565339062848196,Non-resilient
42.87582033258566,52.80150146715617,50.51125202388839,64.62796444673644,36.51823927515308,Non-resilient
40.200061511394324,38.66925601470016,38.450401534120374,57.51641254909768,30.04529561391515,Non-resilient
76.48181360421646,40.82723295512078,53.50678867686121,52.843724248981154,47.163194138344494,Non-resilient
56.07472566441433,28.900083547276665,26.66156530694559,65.01569138850712,63.82475167886689,Non-resilient
31.086740684974323,36.151501308336435,54.96320348321686,9.451515605011444,48.08676319433699,Non-resilient
63.767929205821645,29.724730915754996,62.50293442413387,60.16812979296361,72.66732395371021,Non-resilient
81.8323429551895,35.36190120534001,20.093965361428168,40.188864753088644,28.232364649226618,Non-resilient
65.4869789082672,65.80462694911759,55.61084854771358,22.540506547153146,49.81866578230918,Non-resilient
27.2094505106898,35.759016667520854,68.41503488709938,57.66803899287471,31.214098333803214,Non-resilient
42.73648890700623,89.48573097256086,31.855384719631918,70.60487817744436,55.45447823937452,Resilient
69.00366723779933,57.39976851321334,75.08858580256555,47.93827228058462,63.30331085145951,Non-resilient
39.38495801571829,52.77254185542311,56.28528514049068,64.29311820804408,43.6885730947842,Non-resilient
56.657291422193424,37.1246332972818,39.424822163623865,74.18417386982968,10.936792150592986,Non-resilient
61.61951080144005,60.50464819113487,49.16346383513441,69.72371680376071,52.98422220194742,Resilient
36.09604292632876,41.36543260643339,58.374903687825835,74.59946794057089,56.55107827600264,Non-resilient
49.107119659073,51.83014721968042,51.14008087118617,61.13191236607838,56.06442132442547,Non-resilient
1.380989898963911,88.40126807403192,58.08133988669554,51.13150458352389,68.53673287733231,Non-resilient
34.63418537998565,48.559101504130254,36.1898961038095,25.970512821542474,33.93419480526427,Non-resilient
46.2114777291026,67.23909989428513,52.54041236054117,46.30906267805077,60.20324158175674,Non-resilient
31.283252270527257,39.45235362311169,28.794282546425297,37.35130107025712,67.88761268716962,Non-resilient
74.48616955897452,49.47517264254557,48.33160907976949,82.5641407624672,23.321186239902246,Non-resilient
28.54787933059051,76.56200953453265,36.44138537802815,47.36171281351495,54.79477738878466,Non-resilient
43.39933269954524,40.59549413318349,38.9670508611535,51.848072101767286,42.43730253488493,Non-resilient
51.96110865929137,77.18672836995393,68.54139762815656,58.272280640607015,48.77715990347531,Resilient
71.61909933599173,60.616279031832136,66.36965180891403,50.654036695586804,55.215147253075045,Non-resilient
28.46206773230841,41.56299836158598,59.137071813607655,75.4257656064613,42.691571538296714,Non-resilient
67.4474562823244,59.48611608583281,33.61530852991132,40.66025957398322,39.86437881257582,Non-resilient
50.1534959152938,64.58831674440094,45.25387325457797,52.91911182855864,50.512286262320366,Non-resilient
35.27737023428074,59.327149433257944,68.19646549968775,38.86294121452927,33.69131091705796,Non-resilient
56.93155211394906,26.446629201643155,52.12575370459857,30.199662331689414,33.712623066722216,Non-resilient
52.98589543360205,39.09294236262697,84.7899430997254,40.82346363642072,60.19059924434755,Non-resilient
40.99674684261808,46.287220466727426,55.89976759091558,49.44444804427382,32.76808947262016,Non-resilient
51.04703127485028,48.88349856349931,52.880736747350475,43.5604666322411,59.994687513638176,Non-resilient
44.220296047073596,59.31008146326017,45.363253036962476,39.61368530189216,56.938869392809266,Non-resilient
51.70276017876872,52.66551501399881,52.00311357173423,28.90523804492249,24.11289906814105,Non-resilient
59.9319601178157,29.969834619348482,47.712952454291845,48.75341641056958,39.83653021496517,Non-resilient
73.79025224218029,55.70296776508945,60.621630150328855,27.429194389534967,67.91164104571058,Non-resilient
31.432767517597263,59.15878617925735,64.35053475191876,61.40083945534404,35.28251703290478,Resilient
81.995500619844,58.396856718965594,38.21015809238076,51.23659629401755,43.033936065359185,Non-resilient
20.718683007162472,66.21171088331933,30.031505696633328,28.13672750802604,56.93091339877844,Non-resilient
47.72322357446625,62.50883231823356,22.456919403450552,45.36186384425205,61.75085763923893,Non-resilient
58.82475809726865,56.88770118842655,57.619869903688155,38.71765391614125,46.22691670933256,Non-resilient
54.21487801602549,48.94751432812029,33.449500907391894,54.78761765628771,41.03734707962538,Non-resilient
40.659507202691096,25.08558599726013,17.706641105712755,70.10675669034717,71.33554792547761,Non-resilient
46.87816624464087,56.44427328698879,55.82867906796446,21.87241295531383,76.08349495696368,Non-resilient
42.604985980117505,53.115315307446664,87.39499276149186,51.72539118721126,64.68287076172693,Non-resilient
41.15952864583683,54.0736825579306,49.9089363269016,47.59800806650039,51.27977213847536,Non-resilient
62.744031455315366,30.84877136269536,62.577361616774624,60.07010114675698,37.8760141753861,Non-resilient
55.35523228947571,33.784151893876064,51.22744037821347,53.19794942356533,37.54333390165152,Non-resilient
39.60635607109019,65.79729279999356,48.51665520213286,38.72046002391771,57.837711578986365,Non-resilient
63.493998131498756,49.406672692150174,63.786147244816526,45.214190965000725,56.275973313330255,Non-resilient
54.60949281314914,60.22251046058936,45.64588183717023,38.05961214794766,71.02397889419645,Non-resilient
62.1929317825844,50.42477564195692,54.010884711078546,66.14010707897897,59.75675138804209,Non-resilient
59.44443262885419,50.446342092436176,54.8254670929402,50.319674730079136,27.45379547360273,Non-resilient
37.56507483616892,64.07425708963997,39.978643195354266,78.5178602862951,65.77921426584378,Resilient
41.597284397045456,42.25932907673939,64.88063524304785,49.090087792780686,35.02909059028381,Non-resilient
61.20940407684893,51.44181165411475,47.37560364956887,39.37389849634306,44.24043092071473,Non-resilient
59.155553981501974,43.06587066942436,38.66382260760733,27.29428411080759,53.75300309377542,Non-resilient
49.68647609053778,43.482556588515266,58.047647653556055,22.952904856160824,79.93501234675946,Non-resilient
51.75991074963173,45.36241814797041,36.52298027313444,26.237960854917652,96.64877834008041,Non-resilient
69.16497343682637,53.33200657450569,50.42271736053692,54.00689976517225,59.10084588704274,Non-resilient
41.12642916746255,42.818770675047844,49.86321505033695,57.63087534844901,47.25205071919418,Non-resilient
58.20646071755057,68.83634188360281,66.28843348747367,26.282139469518,58.01758472720825,Non-resilient
46.96711021349159,36.580890466707444,57.12047349319929,63.425574711141735,63.31483138810754,Non-resilient
46.73478195159169,47.196925337579614,49.624595618822845,42.75408422474841,45.189985616642126,Non-resilient
66.48165277980786,43.40403412588738,62.266494488004305,52.20189517978324,76.92817033868484,Non-resilient
62.38124523482045,71.704668265306,70.8531132352597,74.18330942383136,53.45106138787103,Resilient
62.20264454000958,52.94832164767362,58.36715459527793,63.452589737982976,57.46614633637091,Non-resilient
69.58218210731494,65.47766809202952,50.15528929765071,45.97204028141252,59.98886378081692,Non-resilient
50.31505762449139,27.71659440444542,30.322456514747607,36.63211661877069,56.32379915921683,Non-resilient
60.22929456942446,54.00575398803888,34.02329505386941,17.722768980060422,62.58410750704418,Non-resilient
45.34599865109816,63.34446193435156,45.421629434679986,39.212700211363696,40.741202201796156,Non-resilient
54.86249528732663,51.23425983913136,40.85731696761076,46.83304641758458,41.62547369080954,Non-resilient
48.047854184484734,65.98220562598027,47.19543045521831,35.19230709273224,33.497686505424575,Non-resilient
51.45493947489077,42.24067324849442,50.849748873456605,48.031145493615426,56.59251845930339,Non-resilient
58.9273553815537,71.1402116027837,57.94539131535096,51.15277824438152,61.68404755268171,Non-resilient
37.726689751497915,84.48347185428875,48.94251832911363,46.627160272878825,56.866592992278285,Non-resilient
81.3858091352819,44.55742159340512,57.297524657393026,40.249961287648105,75.11738650021306,Non-resilient
34.90973927750447,43.31746217898842,50.9671162221518,52.529820079500915,49.9160597175643,Non-resilient
31.78717080818402,71.80076715676552,20.368001504691932,56.629109743541136,60.03112483388769,Resilient
67.37166310250102,73.69358218596068,35.90996909271868,33.64401383835731,33.624486857910284,Non-resilient
61.87494040944404,42.15709959270097,47.83868666417577,71.16398569619405,44.193504462883986,Non-resilient
59.36179725578233,43.69719774356214,31.854578857383387,48.521178015736076,60.43306636348666,Non-resilient
59.4251826389642,45.773230867092394,58.998930949943066,50.28274434417271,62.73653166114716,Non-resilient
49.81629840729628,29.833242334485846,72.96126248515546,60.62321634884836,45.59049578503726,Non-resilient
36.54118442771252,36.220220802737025,68.28142777545975,53.49824196895253,48.926011222129,Non-resilient
51.137068372905894,34.93788849871898,46.79835693604688,64.29704950869868,27.23189379978786,Non-resilient
39.842574327318324,38.483036523438074,72.36089205274928,54.30686247802736,44.64456198790086,Non-resilient
64.62679600126627,49.47972668919828,52.23001185803167,40.81343938039343,63.35574745279679,Non-resilient
47.79413927746792,53.51322098804781,44.94371043322941,55.42255287809152,58.628075241598495,Non-resilient
37.61754204811233,73.25750739221115,40.7989600468859,32.844106890190076,57.50998582071814,Non-resilient
45.1792123752051,35.024689388918134,45.462954702678076,51.62839558664785,50.746605307714404,Non-resilient
56.193971814134365,64.76483597714875,44.17734772188157,49.50155014033309,50.105947379422645,Non-resilient
41.54413170794038,46.790167336617365,52.55624333563232,46.8782471409119,40.09518290789829,Non-resilient
37.666694066503524,49.25804435521351,52.40860971574797,48.07193732841604,60.482426303038025,Non-resilient
53.65530817237868,60.122292382499054,50.04569030230122,21.772264317535413,56.314594165840845,Non-resilient
53.674498566630845,33.159169676565526,56.55407254619525,41.76912638388558,57.38028271989199,Non-resilient
42.39585236943305,55.736146192760756,67.85969412179512,51.39267351711672,42.10947735998629,Non-resilient
42.93442541572516,52.49678312319584,64.24331203161985,52.397845879961004,17.699856201931333,Non-resilient
53.480749060364545,57.38676896012224,27.726530473251447,34.58487288611063,66.45729067630543,Non-resilient
28.27873487754014,54.33752965861727,11.691182976470678,68.98561761297051,42.81743815987394,Non-resilient
28.888043384351672,86.82950209866341,64.01479866858911,37.007377276782485,37.058363539353195,Non-resilient
39.22333668121346,40.43390023623026,29.496819523768682,64.54185800790106,60.4021836787099,Non-resilient
46.798292724322295,42.035045674972736,46.62851897160975,56.40791542807527,44.11981040121306,Non-resilient
54.66361348397007,40.65289210362853,32.448304609109606,40.30659035234295,65.89904576069932,Non-resilient
72.13034325424329,41.66784321259618,22.970293436299706,76.62966338914268,59.25508924365046,Non-resilient
62.86489434803029,40.439193090402235,58.12194092307182,32.095447523652794,60.253539848007165,Non-resilient
47.60092205054859,67.83524796661328,61.387327404539704,63.787312604150024,29.510664331991986,Resilient
49.71475688145967,71.30756371984782,41.35234398909921,65.00873477064468,68.179159780796,Resilient
34.96205953043287,41.438805593757856,11.134365617826354,39.94069686385033,53.91875796850784,Non-resilient
49.72230296011415,37.51466640343657,41.806333276212754,70.88697950096493,44.460842911306955,Non-resilient
45.670120416197925,57.07123334579606,55.877060081038195,46.24930228101571,52.15082701013377,Non-resilient
54.84077840507134,41.716654335785435,27.81632646838807,54.33040443919786,23.3564715065252,Non-resilient
37.59153584671515,59.493977266332664,52.750398796687335,53.90482758156831,56.12979217221006,Non-resilient
57.79019771361759,53.0438453127695,49.77035226240507,47.98536887794178,34.559427377268925,Non-resilient
72.99108369503867,27.263838275041522,58.689372494016325,62.16212409739673,29.709945712346983,Non-resilient
48.36859777314714,73.21257801995093,51.7937055262123,61.902330808283196,27.164612206731633,Resilient
56.02567583148412,76.93816509643283,35.40396588677667,23.772020401427287,66.69032562484888,Non-resilient
60.352159875666686,40.80816964273421,67.94857252496737,69.56510364317229,40.561049094608165,Non-resilient
43.98169292171246,44.18447660096024,47.62205640459545,25.062620179464886,73.00591564874749,Non-resilient
53.36138722715625,54.287980860873574,49.590431907351025,65.48819306512486,41.96297805421553,Non-resilient
50.18888601172692,55.01685184980538,36.00098061390206,66.90057705241375,24.3896306361058,Resilient
51.465141478232475,59.878164090092454,43.35076623212734,33.63550354677203,33.25213340077011,Non-resilient
38.404853242168,80.15306808149525,36.727959289596484,43.83778568068123,68.53717430010408,Non-resilient
50.36765261388414,47.34579158758926,47.405809101148655,33.41442997271096,47.66152733094999,Non-resilient
57.46997436868175,38.02554133192319,75.67562720213516,46.77618454566897,41.77569055264099,Non-resilient
71.76715411692562,29.31021157978209,29.421482856029655,45.379485737213884,52.40027338779181,Non-resilient
64.3890623912781,39.036049400871214,25.796579031848882,61.6949079840401,57.52674104251317,Non-resilient
82.29773686267335,49.503095406893046,72.06755491240412,69.65463119179412,66.76098223853691,Non-resilient
38.489786556679256,76.91836795276681,46.86014484272201,70.93525716184934,71.7274884483939,Resilient
63.08480955081017,42.235830514457426,39.963908920101254,41.567479601325466,44.60347031316371,Non-resilient
52.75013008607527,53.35681927458348,65.59857031094114,46.86167189383208,30.109284708769426,Non-resilient
82.8470439982651,49.753656558908716,40.91576690394704,24.748427116685747,43.79802258315086,Non-resilient
37.87552571967273,67.82589910172126,77.39014570320404,37.911949002557165,53.90420759874329,Non-resilient
37.40417236728836,87.90398638810433,60.16888807008904,64.47277449646187,35.54361610684084,Resilient
41.009110318339665,42.03696840619519,42.68132887781446,74.23374235322348,35.642736276574354,Non-resilient
18.141564135352898,42.658408362226666,82.35962319898255,31.48476692180117,55.15681822324828,Non-resilient
42.113674674788584,65.66241315603608,40.914276154949924,41.11303611270659,49.270214726443236,Non-resilient
38.61301007669453,60.22837234439467,61.13143058013961,49.603913645616096,50.4919549311738,Non-resilient
52.25590679714311,77.7006098860405,54.48938870609738,54.2024173822941,38.62256997949896,Non-resilient
55.12633963665739,58.75892277988946,69.52611934098198,37.85594720117531,46.54398928691349,Non-resilient
78.14256258823829,44.610618638194104,73.42266795090279,56.36091566696135,36.136502835975435,Non-resilient
64.25635757279075,58.85982246038464,50.4800622359865,42.89240979393626,63.3529761668718,Non-resilient
41.346445165063955,66.63055370874362,38.69873194480725,49.78321593682581,65.52874002085629,Non-resilient
36.52377992977463,62.30723271796046,56.89958214408675,58.194263720055496,22.30718206642859,Resilient
57.37878757259759,57.609110466609465,39.834269453718406,50.09633404716407,36.05733709711385,Non-resilient
30.196501894690368,66.00012034383731,80.20080871289935,43.45421164210147,27.552061173648813,Non-resilient
77.47188148781531,67.5394338566851,52.04802996624106,48.35585294111254,40.249640983896526,Non-resilient
67.69160181081931,70.7323848655629,44.52017673031837,48.67455561191997,48.748430453144586,Non-resilient
42.962365218429426,59.73064831384464,52.77020458797362,44.449834551768085,28.25532170452205,Non-resilient
24.302982063636836,47.493228795247184,29.793105657054554,46.11805905999346,36.1721028031203,Non-resilient
70.3080856124812,52.20070529649984,35.42578942234023,73.97970755757075,34.94063941877752,Non-resilient
48.28190232121073,68.09763449762535,68.00620861916639,58.41379171911858,53.10900994098416,Resilient
68.56724467960193,37.74596493519146,40.14658581542906,45.56779522956259,51.04016505554375,Non-resilient
26.083585118084493,55.53009963309352,34.296335259770906,60.45431606766103,39.1739366999412,Resilient
41.00937465569341,44.09991781508959,58.049791287909294,44.99270765365985,52.65231308209097,Non-resilient
50.07865549577275,50.431172344022265,67.78556231994496,67.59686956379961,41.79979873119102,Non-resilient
50.70470890647113,69.17677793910948,60.784299659976,55.544632882971406,45.9251733451092,Resilient
43.249017927811344,52.86648602029855,64.94071528708724,48.39046783993657,75.10178135447805,Non-resilient
59.34274898521248,50.69654822234223,38.64807367145809,56.715753887154165,70.10691577685522,Non-resilient
33.98569355926108,29.60215788530121,28.672839998872345,26.43685771897251,30.506281446086035,Non-resilient
47.8643077246806,61.193803490408314,72.5200047793323,33.09848796635292,62.44598626818762,Non-resilient
51.804434475678484,59.68226271711613,45.15980241736796,32.091124904014166,62.170948317373885,Non-resilient
57.71658251088124,82.4488208495819,46.23750475317429,52.1441464214556,32.776050668710724,Non-resilient
60.674223171333345,45.38332647570499,69.92291212773587,75.98772499227638,62.28166465632291,Non-resilient
33.13036862243196,53.287254914959085,58.343450141009896,83.46950219288948,73.06897877618829,Non-resilient
26.988287438965667,53.74075525566133,56.83831658122411,59.57076652161136,33.16182790633379,Non-resilient
69.16515232847763,73.66179919645211,82.47503517351626,57.51266712416685,36.237457684786044,Resilient
54.98471017969388,48.57056701419572,40.347226544297854,22.984133987708915,65.26492200265254,Non-resilient
38.7727019516517,54.185322886555085,63.917601921218555,41.859893003989676,54.07242966238472,Non-resilient
73.26727963283784,59.11844764574809,50.855196873456265,38.183243721376414,58.27214412859285,Non-resilient
51.73511951439288,52.79913684734537,54.02888418294886,40.68728602623326,55.10883824600745,Non-resilient
67.6894577609574,43.30349578174208,72.92702639618798,47.47784272122816,55.86043881392216,Non-resilient
51.01277722115164,52.911349893474615,57.61753634434436,42.91864133454309,30.102918075333754,Non-resilient
80.91121887322981,66.10447624789659,58.07444118574449,20.310502844363185,65.70976559932173,Non-resilient
76.33011263664807,34.602270508834096,66.08761005964703,61.21865384176301,67.54384988641661,Non-resilient
46.2655377728139,51.99454511220314,44.52570905685672,33.9088546139029,46.559138838979585,Non-resilient
64.57356426431534,39.4981877759124,37.4118549899149,53.588702961667245,49.34784575279206,Non-resilient
59.680639243777215,67.92569943387264,34.327862089684494,81.1112400462496,27.03338746166417,Resilient
70.52947336298523,27.15219642824338,20.504651159359973,36.20923112620365,57.71382134026752,Non-resilient
35.52614809129843,41.61617229092617,80.84310694910484,12.045687158805052,58.58086162571216,Non-resilient
60.29077189997659,55.658178125967815,33.451874514174754,45.70993667179834,49.067134745010335,Non-resilient
65.87636730274382,73.4828604385151,46.68119564621342,66.51439452497857,66.86530039805754,Resilient
23.618907703653285,49.01374608390518,45.84780050166619,79.37521181330891,44.98884153530089,Non-resilient
32.25112231001337,41.67200709960203,54.61110046713651,31.55675608321375,58.469088888404,Non-resilient
19.411517333598493,78.21735604160885,62.23605818808945,57.45048834854782,34.705034919618264,Resilient
45.95889748333163,28.27979149375634,62.90710232539618,43.0203431482992,49.64671773688643,Non-resilient
60.76313383693943,17.017910650698774,41.25383842146592,48.410774685437964,47.384686131457464,Non-resilient
72.53535578144042,56.60021675079999,47.49317429320383,89.66515020525551,53.37961883061412,Resilient
51.111421706296625,42.46918663471083,54.2386992573245,27.455445074072703,44.45709606749962,Non-resilient
74.42923318356938,34.681507743039305,46.2696331072468,53.8060949224186,48.027911064924986,Non-resilient
29.29847812677663,60.6253467094903,74.1101836402999,57.0153975764815,62.3907075716226,Resilient
24.44926340967268,53.65701070656798,57.36462427457377,66.2867948740902,43.44853644142674,Non-resilient
49.16678451655072,41.538820538949075,61.02316679074726,51.46974730206343,25.90134348891981,Non-resilient
55.76098173408961,30.795434019936582,59.94321903001119,54.62075809256154,76.24375856308131,Non-resilient
49.509578778588605,63.08685992420217,67.60210786227987,44.125271488673135,70.72181118035729,Non-resilient
18.98836849940185,59.753017669379915,52.7153233805556,54.03690411867661,30.616059573415722,Non-resilient
48.66319940730818,48.51236204330926,30.547520780662303,44.85211586753884,60.34561707867792,Non-resilient
30.432957492427203,77.69955494071499,55.99531927628962,59.323578347840765,42.455378441729856,Resilient
60.04508823245058,33.94872850510771,40.22964659312257,44.45584495934549,53.952308229965894,Non-resilient
55.498973691452726,27.117122436128916,42.07074977375365,55.65650590853279,54.4133619352024,Non-resilient
35.90180320508967,39.62137895178133,58.7954602813264,49.56105779472532,46.48388299525517,Non-resilient
42.2919962399496,49.31620975466753,68.57424607150453,66.89075376158252,38.24351501620406,Non-resilient
34.11179717166573,53.65009173984038,50.319073651040924,49.229094146172706,39.64188421525611,Non-resilient
49.059813540902425,46.38145913215505,54.63249518898446,23.40451297689678,36.257121267781365,Non-resilient
64.32713480751858,55.28083094771445,75.53322416952857,68.92882251070988,37.522666876543326,Resilient
35.21410930496684,31.22690863714334,53.61129769232853,36.414015487060716,48.99232564925967,Non-resilient
57.560697732767665,71.65646906109889,89.02524671270592,40.1935049202677,39.26360016333872,Non-resilient
42.04613572441339,48.76773232411147,58.482644684473165,41.065080589347616,60.2307809856893,Non-resilient
38.10690751606484,66.75943747382192,23.588558612662734,70.61657139756227,72.30869233003891,Resilient
48.394544600681634,55.14088019566556,61.30012431656799,17.964886790319568,41.29920137944936,Non-resilient
34.47136516370939,56.85129828730676,55.71737577324167,97.0662280048999,53.591067508030655,Resilient
41.69526041979227,58.546509203483055,69.34629131124119,65.84085213599077,57.49527665454401,Resilient
32.03183161116728,56.715628400259725,60.097720269049375,53.348583711937394,57.080034063789114,Non-resilient
79.47087699374583,59.64084139801316,47.92316024024339,49.1765899907557,51.139329018741314,Non-resilient
50.52895327957593,69.93728795198646,31.635526455659512,54.28331112286485,61.140236275395836,Non-resilient
39.50411738011122,52.94781754552205,46.86465114070962,57.81683642569008,57.23373429020986,Non-resilient
53.20969866101333,60.63505636382769,37.2421931868605,59.678233789250854,31.43506366509053,Resilient
48.31507925463755,48.6539645856916,41.29214825292916,58.334066990051724,63.0373409658391,Non-resilient
46.685456007001655,71.6017582317421,58.82867606630914,51.34371021882873,63.30936255900113,Non-resilient
59.21250050065138,39.85411546911095,75.0485675652711,47.03992369539011,38.550708437321276,Non-resilient
61.36261565070958,77.01410649366224,55.920072947344714,47.730900745197324,50.56906753171403,Non-resilient
42.04248278584209,49.39763074033485,32.06175406947224,47.07637579470978,60.24993489216604,Non-resilient
41.3627263903298,28.538373468229278,56.66904002330211,67.00655145300597,46.86029270630958,Non-resilient
45.874224542725344,51.92156622366184,67.94947229968477,58.90335083421293,66.09467071649019,Non-resilient
15.471182528966224,39.78422513787679,40.85325643520927,5.894170480035797,85.45808741929042,Non-resilient
27.272134067021717,62.60965323483086,47.989742499906235,59.83851164794642,38.210209510475266,Resilient
70.50311401166786,40.210640310464136,50.22032292093795,52.92104292078162,29.284330952693377,Non-resilient
74.67451570251926,43.307248501778304,38.2265253037664,49.71936865331154,54.55727893407314,Non-resilient
46.264459406654325,21.656889035817034,59.72420650765788,44.17222320366671,60.823437576892154,Non-resilient
58.648354445836496,43.21540521126385,48.18577777088328,66.86169079979021,46.53700439232846,Non-resilient
54.66875231815304,13.64181010056565,56.292986658605415,64.21289693184286,71.79890994981551,Non-resilient
96.18321212682856,26.24145764771415,36.6876173329685,38.40683498264586,29.920913004151267,Non-resilient
66.79362367151865,61.40621984216446,43.438125495148846,56.105784306868024,60.393779345474165,Resilient
48.0812361277885,61.787002379762484,60.83572036741657,35.42514898188071,40.9120876886166,Non-resilient
35.666893390993614,56.38186342677447,44.4075027186235,29.30572752816604,75.79066859310944,Non-resilient
25.90330519613641,35.495357853061805,75.90445776850108,40.59924163115052,79.88773029752177,Non-resilient
53.051954538008346,49.2843296578703,44.005457215780964,62.93590208574138,38.500151183249784,Non-resilient
38.654738820735446,49.945961913641476,53.37027088627829,64.2968756806413,41.7566429613713,Non-resilient
28.666194356034886,32.624529662111854,63.98886247809635,57.69628130145939,62.89381830469703,Non-resilient
40.301406736362104,72.55097452650726,28.724514006004526,60.87643680271996,44.19304025315728,Resilient
33.77677994578407,63.16043435863507,23.587867820288363,57.742674306724375,49.318831731016424,Resilient
75.30712452608847,46.68553739255504,27.11515528144858,40.37777607165572,50.38082630813615,Non-resilient
63.224596354241754,50.40328758491796,68.93876155140774,56.47883817010911,21.204902657035156,Non-resilient
49.88041038025074,53.125742119213285,41.7221278116133,62.00614287841523,49.79243380858644,Non-resilient
72.19916208335039,19.373976973635642,88.37298928502378,61.314369947203616,39.654083389037396,Non-resilient
51.16052461471428,46.29233926219105,41.53628602013917,67.83370057211964,42.60315766400342,Non-resilient
37.08073698007605,39.77023628003302,52.768269547955555,60.624557708015956,71.65448005203221,Non-resilient
72.84686115904486,34.975699851576266,73.13164928851813,55.27172311312374,31.152396585811154,Non-resilient
58.08365065526988,45.78349560671067,80.09139332238684,66.05225357474642,62.19807780121966,Non-resilient
34.441307685103155,76.96529790274283,80.92255364954596,49.6021811112641,45.81555604502287,Non-resilient
47.14491982874588,59.61264291900515,68.12549345889714,36.771880231584234,45.80359747256249,Non-resilient
36.86572619922865,41.432315153258045,65.36093788717193,47.553995540843545,61.85557844077567,Non-resilient
29.25800403553496,58.58874172034238,58.88790423801775,38.82646032790326,55.10076941853336,Non-resilient
