Impulsivity,Sensation_Seeking,Neuroticism,Extraversion,Peer_Pressure,Family_History,Stress_Levels,Coping_Mechanisms,Likelihood_of_Substance_Abuse
57.4507123,70.99033155,39.87232588,21.38288663,High,No,47.74824573,Ineffective,High Risk
47.92603548,63.86950524,47.83221994,37.09422484,Low,No,31.03990748,Effective,Low Risk
59.71532807,50.89445555,38.11370119,43.795917,High,Yes,57.29277187,Ineffective,Low Risk
72.84544785,40.29594833,45.38057706,78.31531486,High,No,20.75942367,Ineffective,Low Risk
46.48769938,60.4733497,21.59578,58.34829687,High,No,19.24463814,Effective,Low Risk
46.48794565,55.90228078,53.19940561,29.96777646,Low,No,61.08770742,Effective,Low Risk
73.68819223,63.4278983,50.01808213,57.29054434,High,No,57.60530408,Effective,High Risk
61.51152094,59.52757703,37.74367053,26.79044017,High,No,49.13906952,Ineffective,Low Risk
42.95788421,65.74329073,59.88868503,66.24036581,Low,No,29.06827243,Effective,Low Risk
58.13840065,41.97147183,64.06355206,42.93313022,Low,Yes,39.38133589,Ineffective,Low Risk
43.04873461,69.76091098,25.88660203,48.59545717,High,No,46.05879878,Effective,Low Risk
43.0140537,52.96399407,38.55912832,69.88694971,Low,No,26.06159047,Ineffective,Low Risk
53.62943407,81.12891309,38.46286475,30.69254647,High,No,38.91457013,Effective,High Risk
21.30079633,39.66218273,35.90145348,29.04322722,Low,No,59.78495507,Ineffective,Low Risk
24.12623251,76.03945705,62.44212263,41.2460101,Low,Yes,71.40958046,Ineffective,High Risk
41.56568706,52.96866175,47.09260792,65.57568277,High,Yes,43.70847871,Effective,Low Risk
34.80753319,40.22872995,46.03227738,27.20980887,High,No,61.34732531,Effective,Low Risk
54.71370999,42.74171249,19.94206453,7.517666028,High,No,21.28909894,Ineffective,Low Risk
36.37963887,45.19479038,59.53127045,43.23261712,Low,No,59.89176862,Effective,Low Risk
28.81544448,56.3624892,31.41112408,58.276112,High,Yes,37.94077378,Ineffective,Low Risk
71.98473153,57.84253232,50.89898945,68.00392625,High,Yes,54.61018425,Effective,High Risk
46.61335549,41.39449994,54.16065407,43.05257957,High,Yes,46.28371373,Effective,Low Risk
51.01292307,49.63468112,70.40987894,43.82860089,High,Yes,69.80621015,Ineffective,High Risk
28.62877721,82.13405538,30.36769401,67.30851101,High,No,36.88346527,Effective,Low Risk
41.83425913,75.91314755,4.707317663,21.9538745,Low,Yes,59.41409446,Effective,Low Risk
51.66383885,56.54485505,52.75774317,44.17218837,High,Yes,45.80738805,Ineffective,Low Risk
32.73509634,50.57005217,77.00766772,52.85635835,High,No,47.62541783,Ineffective,Low Risk
55.63547028,51.8004699,68.58419529,56.73828082,Low,No,47.2421916,Effective,High Risk
40.99041965,59.20276959,53.14489123,42.3528996,High,Yes,37.31490343,Ineffective,Low Risk
45.62459375,34.65811152,42.62545722,50.51661518,High,Yes,49.78851551,Effective,Low Risk
40.97440082,46.13935194,62.10683895,12.6750897,High,Yes,49.06027667,Effective,Low Risk
77.78417277,24.97123889,35.396807,40.12627381,High,Yes,53.61860373,Ineffective,Low Risk
49.79754163,55.98834684,57.14536654,56.80263069,High,No,51.26757719,Ineffective,Low Risk
34.13433607,59.7079391,57.58205239,35.26558949,Low,No,61.96991824,Ineffective,Low Risk
62.33817368,42.75220307,65.90314861,50.88476332,Low,Yes,63.85262924,Ineffective,High Risk
31.68734525,73.60980145,91.39490058,56.70308751,Low,Yes,34.24065017,Ineffective,High Risk
53.13295393,31.61351505,55.88623951,44.86176199,High,Yes,63.03158751,Ineffective,Low Risk
20.60494814,28.0343768,42.36554561,52.55695656,Low,Yes,32.20495359,Effective,Low Risk
30.07720927,53.36677728,49.61638532,35.55901152,High,Yes,58.81783832,Effective,Low Risk
52.95291854,65.70647454,23.46386143,46.9008308,High,No,59.29608177,Ineffective,Low Risk
61.0769987,75.25891537,39.57930303,59.15324254,High,No,21.33024663,Effective,Low Risk
52.57052422,43.11673606,43.86076343,52.35459441,Low,No,51.3946887,Effective,Low Risk
48.26527576,66.1802125,42.13867403,41.20203096,Low,Yes,42.9725583,Effective,Low Risk
45.48344457,49.42237296,52.28532308,53.36324606,Low,Yes,38.61852113,Effective,Low Risk
27.82217014,47.4105905,37.66370101,60.71914686,High,No,70.26278496,Ineffective,Low Risk
39.20233687,63.25489906,66.81546001,19.25088082,Low,No,40.19481289,Effective,Low Risk
43.09041844,59.78484318,50.00310597,67.38611097,High,Yes,37.90434606,Effective,Low Risk
65.85683339,26.35411765,49.86049518,44.95617892,Low,No,51.1354241,Ineffective,Low Risk
55.15427434,72.14810525,45.08157925,56.382349,Low,Yes,60.28384619,Ineffective,High Risk
23.55439767,70.70137031,52.32786026,67.95870385,High,Yes,47.87527121,Ineffective,Low Risk
54.86125954,40.61655948,62.37647397,29.42489454,High,No,67.49555819,Ineffective,High Risk
44.22376579,55.937053,36.99304676,39.35838496,Low,No,57.96463493,Effective,Low Risk
39.84617,57.41045279,40.12825266,45.67176956,Low,No,17.3268302,Ineffective,Low Risk
59.17514433,53.91010649,45.44410957,38.24369718,Low,Yes,42.05799555,Effective,Low Risk
65.46499284,41.74542269,29.81193615,76.02404864,High,Yes,41.57236851,Effective,Low Risk
63.96920179,39.92564948,37.7111321,37.14841859,High,No,57.1904143,Ineffective,Low Risk
37.41173715,49.61668894,42.8566869,41.66679831,Low,Yes,10.62774415,Ineffective,Low Risk
45.36181436,67.59093529,63.11583771,53.06583547,Low,Yes,88.23514563,Ineffective,High Risk
54.96895147,58.15400232,53.93841994,31.96775711,High,Yes,57.96539142,Ineffective,High Risk
64.63317691,44.44078502,52.90384867,44.06478932,Low,No,52.23315206,Ineffective,Low Risk
42.81238643,61.57548066,62.76346943,54.76179892,High,Yes,67.72351575,Ineffective,High Risk
47.21511535,7.271860691,47.93942317,45.00709393,High,No,85.15481079,Effective,Low Risk
33.40497539,67.23148551,55.85697275,48.59919712,High,No,63.06119967,Effective,High Risk
32.05690064,23.90429332,48.45167371,42.06001831,High,Yes,64.23219645,Effective,Low Risk
62.18788734,44.56338588,53.98043524,27.28294536,High,No,51.96035037,Effective,Low Risk
70.34360043,33.20495158,41.25862014,54.82389817,High,Yes,47.8771137,Ineffective,Low Risk
48.91984818,30.57977786,13.41774263,76.32399607,Low,No,42.86306834,Ineffective,Low Risk
65.05299347,67.41240181,47.98581257,50.27602446,High,No,37.60832012,Effective,High Risk
55.42454038,42.98448198,71.34122204,53.37896176,High,Yes,39.6947885,Effective,Low Risk
40.32320368,55.19755823,63.89323103,60.39084133,Low,No,29.74166053,Effective,Low Risk
55.42093408,49.29619132,64.48096227,30.96004255,High,No,48.86192824,Ineffective,Low Risk
73.0705485,57.15561241,68.54196083,75.53771987,Low,No,24.72998634,Ineffective,High Risk
49.46260941,51.15232837,51.32986386,53.03493195,High,Yes,52.86374786,Ineffective,Low Risk
73.46965484,30.75511664,52.95973561,74.47785349,Low,Yes,49.45504088,Effective,Low Risk
10.70382344,64.94400229,40.73522157,39.00450507,Low,No,52.20402948,Effective,Low Risk
62.32853757,42.59365125,45.25890716,77.27092884,High,No,42.16802645,Ineffective,Low Risk
51.30570602,26.65127152,59.23656725,61.62733241,High,No,96.15290555,Ineffective,High Risk
45.51488974,43.57827259,68.05826656,58.29560129,High,Yes,70.4017385,Effective,High Risk
51.37641165,72.51139686,47.90830586,53.51036682,High,Yes,31.3318625,Effective,Low Risk
20.18646628,62.75332613,43.24716103,46.27207073,Low,No,53.49302131,Ineffective,Low Risk
46.70492168,44.77021798,50.00791938,68.00797488,Low,Yes,40.87990786,Effective,Low Risk
55.35668857,44.76113444,59.01810123,52.10539805,Low,Yes,34.7828041,Ineffective,Low Risk
72.16841067,45.17547423,28.34217776,20.49395445,High,Yes,29.89891893,Ineffective,Low Risk
42.22594673,81.15121975,15.5572857,33.24220307,Low,Yes,56.48325036,Effective,Low Risk
37.87259596,55.72903178,41.74194726,47.21231372,High,No,39.77929647,Effective,Low Risk
42.47364435,56.45062471,31.68931361,54.64998475,High,Yes,64.51739036,Effective,Low Risk
63.73103177,65.45425181,42.37789704,49.15117267,Low,Yes,64.90673322,Ineffective,High Risk
54.93126664,53.58183739,47.78329522,68.28456185,High,No,70.60871578,Effective,High Risk
42.05359694,46.11436781,43.20127386,20.73347204,Low,No,37.21419851,Effective,Low Risk
57.6990115,47.05475226,71.78701302,52.15381905,High,Yes,57.13048416,Ineffective,High Risk
51.45616324,48.92598111,54.90117147,22.73031162,Low,Yes,59.48681325,Ineffective,Low Risk
64.52967486,49.44166645,54.50711539,61.39568443,High,No,42.88732737,Effective,Low Risk
39.46920359,60.91444315,59.33310716,48.58311928,Low,No,38.42342064,Ineffective,Low Risk
45.0850678,50.77918829,32.91750323,56.29414958,Low,No,74.14280999,Ineffective,Low Risk
44.1183777,60.98960116,65.58667681,37.04175559,High,Yes,53.41243814,Ineffective,High Risk
28.04727578,48.7892513,48.8635357,69.19197397,High,Yes,59.53951626,Effective,Low Risk
54.44180416,51.17952785,60.05720926,65.62586996,Low,No,37.66885982,Effective,Low Risk
53.91582908,20.02698973,33.9221415,58.75316455,High,Yes,31.710733,Ineffective,Low Risk
50.07670185,63.74491512,26.69361851,48.0572413,High,No,41.45825338,Ineffective,Low Risk
46.481193,55.19732714,62.26834487,58.69785928,High,Yes,48.13967919,Ineffective,Low Risk
28.76943887,64.97015165,55.64614289,39.39661148,Low,No,34.0366999,Effective,Low Risk
43.69032016,6.556169327,36.46922668,62.83333489,Low,No,49.85232787,Ineffective,Low Risk
44.85928225,81.32562057,36.95505378,74.74221341,High,Yes,24.67242218,Ineffective,Low Risk
37.96584096,47.90615558,66.88152177,66.0591584,High,Yes,33.19928866,Effective,Low Risk
47.58071433,66.62274225,32.15882161,39.05596295,Low,Yes,60.06366872,Ineffective,Low Risk
56.06076285,34.40141109,74.6400943,55.42125976,High,Yes,59.0568578,Effective,High Risk
78.29278852,59.19160858,36.49068898,30.60287684,Low,Yes,44.12184852,Effective,High Risk
52.61866719,34.19876655,59.57587888,58.58585467,High,Yes,34.73353536,Effective,Low Risk
53.86325586,40.64346559,45.07072286,56.75905119,High,No,34.58894673,Ineffective,Low Risk
48.88331126,78.71047031,59.04781147,21.95275491,High,Yes,44.40097631,Ineffective,High Risk
21.21843177,47.13976399,41.83828997,32.57324234,Low,No,59.66777737,Effective,Low Risk
49.60229187,53.2614931,47.55810641,45.75291655,Low,No,63.92368537,Ineffective,Low Risk
50.90345315,63.05101596,50.61378763,45.48710379,Low,Yes,42.55202397,Effective,Low Risk
86.94863169,57.43522832,34.96718816,31.85784597,Low,No,32.69761361,Ineffective,High Risk
47.11458553,52.25628358,61.11236518,55.83468094,High,No,54.01765457,Effective,Low Risk
54.52321014,55.47441504,42.3017965,53.77210413,High,Yes,37.64697544,Effective,Low Risk
49.47932345,86.05123378,46.57100127,47.08596302,Low,Yes,42.22621042,Ineffective,High Risk
32.46982944,49.13571804,35.08475938,38.6631275,High,Yes,69.87914136,Ineffective,Low Risk
67.14234222,53.0164857,11.56499512,65.7306069,High,No,62.40673143,Ineffective,Low Risk
61.27899549,65.75981594,47.13458356,74.8311067,Low,Yes,52.36961468,Ineffective,High Risk
61.86547921,66.58288899,86.18923132,42.74657774,High,Yes,30.92121498,Effective,High Risk
36.35918818,67.80545458,61.76906432,40.81749624,High,Yes,53.17094851,Effective,Low Risk
71.04191466,59.58095333,49.7110943,57.36811498,Low,Yes,65.93985936,Ineffective,High Risk
28.97223406,32.85492631,46.05663756,44.6295593,High,No,44.36549501,Ineffective,Low Risk
58.80285641,74.50147298,50.33698839,47.90904199,High,Yes,70.26671135,Effective,High Risk
82.85683439,32.8048191,58.20678673,61.09479728,High,No,69.39117934,Ineffective,High Risk
35.14195512,54.53953198,32.28780777,21.35965869,Low,Yes,74.95599248,Ineffective,Low Risk
41.50553406,38.68586225,66.71482542,69.77453487,Low,No,54.5786469,Ineffective,Low Risk
51.49477048,49.0379248,60.73071973,51.09020786,High,No,58.8108755,Ineffective,High Risk
42.44786519,54.93143615,60.77278589,43.82760283,High,No,71.21280932,Effective,High Risk
26.74004853,54.82035823,56.57713608,48.66148769,High,Yes,56.71090906,Effective,Low Risk
51.02844462,56.32881131,50.29424987,49.43644033,Low,No,42.48148838,Ineffective,Low Risk
34.06544429,74.20566904,60.09291854,24.03198045,Low,Yes,43.27185745,Effective,Low Risk
57.10388646,56.80301452,58.87721201,72.42407341,Low,Yes,53.57832431,Ineffective,High Risk
36.20863649,46.33765047,44.68938934,50.61988448,High,Yes,30.64157867,Ineffective,Low Risk
73.24901608,64.46130752,41.39597341,56.64503196,High,Yes,47.85111627,Ineffective,High Risk
38.25120061,67.84205733,51.52784443,64.27324656,High,Yes,66.44820677,Effective,High Risk
45.16907726,31.58588277,73.23530227,34.68256314,High,No,17.13119223,Effective,Low Risk
62.20275826,58.96100105,31.41339387,57.10207849,High,Yes,73.01723153,Effective,High Risk
31.53703525,60.51759113,27.98712101,45.98538364,Low,No,66.83561328,Effective,Low Risk
53.41189902,45.53654745,52.47141262,62.70156163,High,No,43.10353076,Effective,Low Risk
69.60714131,70.6356022,50.76331553,18.09158869,High,No,58.15086242,Ineffective,High Risk
25.88775148,47.74916619,52.60012497,48.5135855,High,No,50.0472159,Ineffective,Low Risk
52.76950788,51.8836468,53.65929797,40.95769016,Low,No,68.44985553,Effective,High Risk
53.89824191,47.40392264,46.65196618,56.48394426,High,No,64.74024714,Effective,Low Risk
61.72734308,50.23368571,72.34795158,57.05066281,Low,No,28.99893915,Effective,Low Risk
31.44573934,33.5558737,25.98644032,39.38561158,Low,Yes,58.8089362,Ineffective,Low Risk
30.1931508,28.39923676,37.57254463,39.31739204,Low,No,46.9155822,Effective,Low Risk
57.82912348,73.91757595,48.4511786,48.34001947,Low,Yes,51.24248856,Ineffective,High Risk
54.4547701,37.29557978,25.35216783,36.55036659,Low,No,39.07742149,Ineffective,Low Risk
53.75739276,35.12911476,47.36218393,62.62975543,High,No,76.22205604,Effective,Low Risk
55.19672314,17.6991483,74.92205249,44.46189199,High,No,65.6009273,Ineffective,Low Risk
39.79962918,40.41557378,50.31329732,6.39517671,Low,No,38.90343254,Ineffective,Low Risk
53.48380546,30.1536531,53.46051359,44.37766915,Low,Yes,29.9808409,Effective,Low Risk
54.3960871,74.6302274,31.09752852,34.42184269,Low,Yes,44.21491054,Ineffective,Low Risk
39.28472873,65.14725634,40.75457888,25.53086277,High,Yes,56.51753969,Effective,Low Risk
77.98661767,39.67774482,44.3720543,31.43860043,High,No,53.60308766,Ineffective,High Risk
57.10749381,83.78653708,45.23427355,51.64112708,Low,No,68.79699237,Effective,High Risk
32.13044754,64.7264823,69.22465693,69.92961242,High,No,61.84879583,Effective,High Risk
59.84830413,45.12752925,58.36536591,54.69776711,High,Yes,64.54353539,Ineffective,High Risk
35.37977495,12.50891428,33.32813065,40.90244918,Low,No,54.90283101,Effective,Low Risk
61.80626906,84.36413859,53.69757168,56.83856293,Low,Yes,29.16051905,Ineffective,High Risk
67.37893369,29.156413,57.47332623,43.11364535,High,Yes,47.06452203,Ineffective,Low Risk
37.68976522,25.3190188,67.10223558,39.58099446,High,No,65.9013461,Effective,Low Risk
64.45064194,65.33855648,73.7081103,32.68455998,High,No,49.22715607,Ineffective,High Risk
56.1917139,86.5962861,34.77358712,23.7225679,Low,Yes,57.54635553,Effective,High Risk
62.3309024,70.76409228,37.83713733,44.1511444,Low,Yes,45.21877527,Ineffective,High Risk
78.45189474,58.4586368,31.13633212,52.37080235,Low,Yes,34.55282227,Ineffective,Low Risk
46.31917826,58.92131512,46.48970211,48.55064495,High,No,48.14983904,Effective,Low Risk
38.69395753,62.80123338,56.99537562,43.76049608,High,No,54.63571165,Ineffective,Low Risk
36.65728356,61.38392885,64.81001775,35.81380909,Low,No,40.16468421,Ineffective,Low Risk
37.76284573,54.21787136,48.86073465,59.12369288,High,No,46.46433133,Ineffective,Low Risk
48.84347436,51.56301656,45.20228715,30.2430212,Low,No,35.90805137,Ineffective,Low Risk
55.11727962,49.06110308,52.27636988,61.64041871,High,No,66.78867376,Ineffective,High Risk
54.15036199,38.69053117,37.47285648,34.96674472,Low,Yes,45.58316364,Ineffective,Low Risk
62.40774874,45.78987385,81.34308083,38.71347144,High,Yes,71.79133318,Ineffective,High Risk
50.19502838,24.60564779,25.88508459,27.99822214,High,Yes,72.93121776,Ineffective,Low Risk
71.80301116,48.5249056,52.77110868,42.4789678,Low,No,48.78431053,Effective,High Risk
46.0301475,35.17113339,80.35409329,64.62968688,Low,Yes,34.87326901,Ineffective,Low Risk
90.8025375,33.44616024,50.10199767,57.73442133,Low,No,18.71153183,Ineffective,Low Risk
59.38501022,52.69841227,47.14941447,64.67633168,Low,No,27.9194439,Effective,Low Risk
37.14263665,70.8800343,44.63831866,57.83213819,Low,Yes,29.39247763,Effective,Low Risk
33.93661253,63.77474909,47.29412477,33.44495257,High,No,70.67704441,Effective,High Risk
57.23708623,26.44249095,70.59272712,45.03816164,Low,Yes,51.73736881,Ineffective,Low Risk
46.64805822,35.15557795,16.82207133,38.29701306,Low,Yes,55.84406786,Effective,Low Risk
60.71000741,64.11156782,73.00150552,69.95862356,Low,No,16.69368487,Effective,Low Risk
57.09856437,35.2626891,28.64064271,32.0481703,Low,Yes,32.03050356,Ineffective,Low Risk
48.90756631,46.63050275,46.00021506,63.40546534,Low,Yes,63.30619665,Ineffective,Low Risk
37.29809423,58.25078149,43.5613337,63.39430805,High,Yes,54.30161169,Effective,Low Risk
27.27729163,35.47483318,58.82829905,77.44430303,Low,Yes,47.79192082,Effective,Low Risk
43.30227572,51.58063259,26.02813472,43.85470111,Low,No,58.47263538,Ineffective,Low Risk
62.84598191,29.98961758,56.93258999,60.68483239,Low,Yes,74.53696709,Ineffective,High Risk
53.21140616,40.97948534,80.36464435,84.22477755,High,Yes,46.68436305,Ineffective,Low Risk
31.31391832,54.79672901,29.55238993,40.73537485,High,Yes,51.04054704,Ineffective,Low Risk
52.59771389,26.105094,52.84559251,26.97439629,Low,No,52.88895378,Ineffective,Low Risk
55.7797607,56.60712107,40.07026733,21.79984949,Low,Yes,85.88164453,Effective,High Risk
36.74213846,49.70543302,56.38830809,60.69068043,High,No,18.50965603,Ineffective,Low Risk
52.30587659,58.28734932,50.28721666,21.75274688,High,Yes,60.24834522,Ineffective,High Risk
50.87313078,53.35871201,40.37769636,44.41521421,High,Yes,48.27796627,Ineffective,Low Risk
32.85544553,70.46210645,57.31808427,56.55969781,Low,Yes,58.50157589,Ineffective,High Risk
55.36681041,51.87836754,77.06522165,52.77763305,Low,No,40.13941169,Ineffective,High Risk
58.4117679,43.55891688,47.13644312,56.38167296,High,No,49.26552454,Effective,Low Risk
66.24576865,51.83446255,60.79636913,53.33434784,Low,No,60.67115869,Ineffective,High Risk
65.80703078,58.14947044,30.60090563,69.1829872,High,No,96.69365302,Effective,High Risk
29.33495948,50.73290105,35.65345435,35.71525429,High,No,62.12054284,Ineffective,Low Risk
35.9326244,50.60887537,57.08609417,39.84507292,High,No,37.27901603,Effective,Low Risk
57.72552901,39.47012468,72.26174043,38.41010832,Low,Yes,43.64360477,Effective,Low Risk
57.70678926,40.05648624,55.33420023,62.45287718,High,No,43.19878837,Ineffective,Low Risk
57.72571529,28.96092092,45.30412954,63.50597883,High,Yes,23.06535241,Ineffective,Low Risk
107.7909724,76.24365115,49.98937108,56.76837979,Low,No,45.04864712,Ineffective,High Risk
58.56335766,31.34205147,31.24388399,67.752405,High,No,60.99243623,Ineffective,Low Risk
67.0334846,39.60642203,59.0677299,32.32938699,Low,No,30.88651821,Ineffective,Low Risk
64.31002645,39.22389102,63.23499593,75.00836167,High,Yes,65.72723977,Effective,High Risk
59.77086877,63.42386565,43.21864501,72.84857933,Low,No,57.31662232,Ineffective,High Risk
45.27096133,45.57575483,42.94936778,61.03432996,High,No,38.98650017,Ineffective,Low Risk
61.38453831,68.71613109,53.98817344,76.72698363,High,Yes,47.87705544,Effective,High Risk
38.40762178,39.89764064,43.44920396,25.15065188,High,Yes,73.97482711,Ineffective,Low Risk
46.4477209,54.18491243,49.00801078,42.13327796,High,Yes,61.0032172,Effective,Low Risk
42.71954678,37.4697942,81.49582684,38.97044809,High,Yes,50.13175482,Ineffective,Low Risk
51.22811209,82.17723692,46.29461449,60.82218986,Low,No,46.43475025,Effective,High Risk
84.7198785,32.18602371,44.62489772,34.24788891,Low,Yes,51.14913606,Ineffective,Low Risk
21.99102211,54.64731065,40.28687292,61.36242724,High,No,42.32354663,Effective,Low Risk
60.29390286,59.50665321,61.16287957,70.55804216,High,No,18.42875741,Effective,Low Risk
25.80926193,56.20698646,47.2816374,60.4280435,High,Yes,80.63266866,Ineffective,Low Risk
42.92102201,47.22068512,40.25940443,54.25626535,Low,No,52.32987499,Ineffective,Low Risk
66.33425895,48.0526895,69.81956048,35.18189989,Low,Yes,55.97220898,Ineffective,High Risk
50.96420029,50.65717208,71.29404507,37.29723551,High,No,49.13138375,Effective,Low Risk
33.83382833,47.79496998,40.99364651,68.74428358,Low,Yes,38.97324799,Effective,Low Risk
39.27044436,64.45818675,22.00190073,61.69023506,High,Yes,47.21113279,Effective,Low Risk
60.19396623,83.15784502,65.11270535,49.41470721,High,Yes,26.00907857,Ineffective,High Risk
39.04450052,41.63762322,39.73055261,43.73135681,High,Yes,84.15629747,Ineffective,Low Risk
53.24687884,29.45295531,61.85938399,19.6128819,Low,Yes,31.48232002,Effective,Low Risk
50.6835776,48.67576927,20.44844273,33.93721372,High,Yes,34.52050574,Ineffective,Low Risk
40.22599479,88.69564006,63.38896007,78.67128631,High,No,43.39611193,Effective,High Risk
82.15916134,37.94488148,31.83242106,30.79316643,High,No,69.32113587,Ineffective,High Risk
59.50878533,74.58675208,60.96146179,52.84219732,Low,No,50.21763499,Ineffective,High Risk
19.6228612,75.16551221,50.21409602,65.1116596,Low,Yes,31.45796306,Effective,Low Risk
52.79681472,41.69617637,35.69090871,31.17615998,Low,No,68.81507541,Ineffective,Low Risk
40.07320303,58.53474619,43.89445531,52.77065712,High,Yes,60.9650094,Ineffective,Low Risk
62.78650002,74.42594935,60.29477685,64.06873306,Low,No,58.07652436,Ineffective,High Risk
38.11218892,44.31308389,51.5884168,50.18748983,High,No,60.73601362,Ineffective,Low Risk
48.27895338,46.9462946,58.76619471,93.02604584,Low,Yes,85.91542851,Ineffective,High Risk
57.57480918,41.27478629,79.64660877,24.97101112,High,No,82.77642343,Effective,High Risk
62.98632791,34.77864904,26.53637582,65.88092795,Low,No,39.69926985,Ineffective,Low Risk
31.99555389,40.26083682,74.25818862,47.40797394,High,No,74.35827489,Effective,Low Risk
44.98248146,31.640896,51.56533906,61.57880232,Low,Yes,55.74752285,Ineffective,Low Risk
42.87582033,50.51125202,36.51823928,56.61960728,Low,No,57.48643724,Ineffective,Low Risk
40.20006151,38.45040153,30.04529561,39.00265704,Low,Yes,24.61593753,Effective,Low Risk
76.4818136,53.50678868,47.16319414,53.43494589,High,No,47.44421352,Effective,High Risk
56.07472566,26.66156531,63.82475168,22.13147823,Low,No,37.80764614,Ineffective,Low Risk
31.08674068,54.96320348,48.08676319,59.04871251,Low,No,62.42088222,Ineffective,Low Risk
63.76792921,62.50293442,72.66732395,54.47237699,Low,No,66.06620751,Effective,High Risk
81.83234296,20.09396536,28.23236465,59.57990253,Low,Yes,18.88270473,Effective,Low Risk
65.48697891,55.61084855,49.81866578,65.87177488,High,No,49.66947704,Effective,High Risk
27.20945051,68.41503489,31.21409833,55.5142976,Low,Yes,66.82792257,Effective,Low Risk
42.73648891,31.85538472,55.45447824,52.2213413,High,Yes,47.19981557,Ineffective,Low Risk
69.00366724,75.0885858,63.30331085,36.78397495,High,No,60.93595468,Ineffective,High Risk
39.38495802,56.28528514,43.68857309,39.31668855,High,No,55.26748201,Ineffective,Low Risk
56.65729142,39.42482216,10.93679215,67.8010193,High,Yes,55.12490348,Ineffective,Low Risk
61.6195108,49.16346384,52.9842222,71.54503109,Low,Yes,45.93027533,Ineffective,Low Risk
36.09604293,58.37490369,56.55107828,46.42834346,High,No,31.75128794,Effective,Low Risk
49.10711966,51.14008087,56.06442132,50.69004121,High,No,33.17704779,Effective,Low Risk
1.380989899,58.08133989,68.53673288,36.43078438,High,No,60.64028772,Effective,Low Risk
34.63418538,36.1898961,33.93419481,67.59135268,High,No,50.29187383,Ineffective,Low Risk
46.21147773,52.54041236,60.20324158,59.98125236,Low,No,47.92231633,Effective,Low Risk
31.28325227,28.79428255,67.88761269,79.11826155,Low,Yes,43.64164937,Ineffective,Low Risk
74.48616956,48.33160908,23.32118624,36.82515384,High,No,45.42216732,Ineffective,Low Risk
28.54787933,36.44138538,54.79477739,44.32988151,High,No,65.70367692,Ineffective,Low Risk
43.3993327,38.96705086,42.43730253,53.47168884,High,Yes,44.97133877,Effective,Low Risk
51.96110866,68.54139763,48.7771599,59.69734307,Low,No,29.8840293,Ineffective,Low Risk
71.61909934,66.36965181,55.21514725,46.76498544,Low,No,61.15477663,Ineffective,High Risk
28.46206773,59.13707181,42.69157154,36.90558364,Low,Yes,46.92685004,Effective,Low Risk
67.44745628,33.61530853,39.86437881,63.22111293,Low,No,50.47093798,Ineffective,Low Risk
50.15349592,45.25387325,50.51228626,60.81703044,Low,Yes,74.1136746,Effective,High Risk
35.27737023,68.1964655,33.69131092,36.25588849,High,No,49.69159164,Ineffective,Low Risk
56.93155211,52.1257537,33.71262307,70.33164202,Low,No,54.3377551,Effective,Low Risk
52.98589543,84.7899431,60.19059924,67.55298064,Low,No,32.31614763,Ineffective,High Risk
40.99674684,55.89976759,32.76808947,52.01444746,High,Yes,46.70495821,Ineffective,Low Risk
51.04703127,52.88073675,59.99468751,51.19396794,Low,Yes,59.14289068,Effective,High Risk
44.22029605,45.36325304,56.93886939,58.31086657,Low,Yes,26.66939399,Ineffective,Low Risk
51.70276018,52.00311357,24.11289907,37.07445395,Low,Yes,53.0126764,Effective,Low Risk
59.93196012,47.71295245,39.83653021,50.45047219,High,No,51.51186609,Ineffective,Low Risk
73.79025224,60.62163015,67.91164105,17.71424683,Low,Yes,50.61931183,Effective,High Risk
31.43276752,64.35053475,35.28251703,63.14683468,High,Yes,65.55738348,Ineffective,Low Risk
81.99550062,38.21015809,43.03393607,26.57760166,High,Yes,55.01657772,Ineffective,High Risk
20.71868301,30.0315057,56.9309134,72.55129743,Low,No,72.17107848,Ineffective,Low Risk
47.72322357,22.4569194,61.75085764,45.04819859,Low,No,35.09615727,Effective,Low Risk
58.8247581,57.6198699,46.22691671,46.82499527,Low,Yes,52.03886851,Effective,High Risk
54.21487802,33.44950091,41.03734708,40.58399141,Low,Yes,51.2670018,Effective,Low Risk
40.6595072,17.70664111,71.33554793,45.67941689,High,No,33.96118259,Effective,Low Risk
46.87816624,55.82867907,76.08349496,71.27797018,Low,Yes,64.34442503,Effective,High Risk
42.60498598,87.39499276,64.68287076,12.68287015,High,Yes,84.87009959,Ineffective,High Risk
41.15952865,49.90893633,51.27977214,69.15448079,High,Yes,49.74490888,Ineffective,Low Risk
62.74403146,62.57736162,37.87601418,55.07035222,High,Yes,57.57531632,Ineffective,High Risk
55.35523229,51.22744038,37.5433339,31.89467528,High,No,51.26777714,Ineffective,Low Risk
39.60635607,48.5166552,57.83771158,33.8703141,High,No,39.29622995,Ineffective,Low Risk
63.49399813,63.78614724,56.27597331,75.14589541,Low,No,22.68859583,Effective,Low Risk
54.60949281,45.64588184,71.02397889,35.8173968,High,Yes,39.41339775,Ineffective,Low Risk
62.19293178,54.01088471,59.75675139,32.69974234,High,Yes,29.12062429,Effective,Low Risk
59.44443263,54.82546709,27.45379547,67.05971814,Low,No,75.56153117,Ineffective,High Risk
37.56507484,39.9786432,65.77921427,55.07829314,Low,No,48.27335459,Effective,Low Risk
41.5972844,64.88063524,35.02909059,35.93111635,High,No,44.81121006,Effective,Low Risk
61.20940408,47.37560365,44.24043092,53.24937463,High,Yes,63.33730737,Effective,High Risk
59.15555398,38.66382261,53.75300309,34.61370975,Low,No,33.17373346,Ineffective,Low Risk
49.68647609,58.04764765,79.93501235,66.51232098,High,Yes,38.49703943,Ineffective,High Risk
51.75991075,36.52298027,96.64877834,65.92056447,Low,Yes,51.02108404,Ineffective,High Risk
69.16497344,50.42271736,59.10084589,57.98009298,Low,No,65.43153487,Ineffective,High Risk
41.12642917,49.86321505,47.25205072,55.42491592,High,No,57.52527568,Effective,Low Risk
58.20646072,66.28843349,58.01758473,76.41782187,Low,Yes,53.72487714,Effective,High Risk
46.96711021,57.12047349,63.31483139,49.99529491,High,No,51.17176603,Effective,Low Risk
46.73478195,49.62459562,45.18998562,32.27188812,High,No,56.00353783,Effective,Low Risk
66.48165278,62.26649449,76.92817034,56.74210869,High,Yes,53.02479358,Ineffective,High Risk
62.38124523,70.85311324,53.45106139,81.29070574,Low,Yes,34.55041588,Effective,High Risk
62.20264454,58.3671546,57.46614634,34.7786076,High,Yes,50.69118832,Ineffective,High Risk
69.58218211,50.1552893,59.98886378,44.5780585,Low,Yes,33.89467012,Effective,Low Risk
50.31505762,30.32245651,56.32379916,56.24669057,High,Yes,51.21623814,Effective,Low Risk
60.22929457,34.02329505,62.58410751,49.19142726,High,No,42.79028088,Effective,Low Risk
45.34599865,45.42162943,40.7412022,35.26544629,Low,Yes,88.09072434,Ineffective,High Risk
54.86249529,40.85731697,41.62547369,66.82786784,High,Yes,49.40158424,Ineffective,Low Risk
48.04785418,47.19543046,33.49768651,84.80061083,High,Yes,28.93640651,Effective,Low Risk
51.45493947,50.84974887,56.59251846,52.94197189,Low,No,47.98729684,Effective,Low Risk
58.92735538,57.94539132,61.68404755,36.43897565,Low,Yes,57.79038118,Effective,High Risk
37.72668975,48.94251833,56.86659299,26.76559212,Low,Yes,75.10045919,Ineffective,High Risk
81.38580914,57.29752466,75.1173865,53.86963972,High,Yes,41.158214,Ineffective,High Risk
34.90973928,50.96711622,49.91605972,66.55816015,Low,No,26.26358039,Ineffective,Low Risk
31.78717081,20.3680015,60.03112483,57.1275162,Low,Yes,62.25255517,Effective,Low Risk
67.3716631,35.90996909,33.62448686,49.96394239,High,Yes,29.29101941,Ineffective,Low Risk
61.87494041,47.83868666,44.19350446,41.16092522,Low,Yes,43.45766838,Effective,Low Risk
59.36179726,31.85457886,60.43306636,33.61754551,High,No,46.13569272,Ineffective,Low Risk
59.42518264,58.99893095,62.73653166,62.52126989,High,No,48.9554982,Effective,High Risk
49.81629841,72.96126249,45.59049579,63.70657432,Low,No,60.33746686,Effective,High Risk
36.54118443,68.28142778,48.92601122,26.8140532,High,No,39.74548577,Ineffective,Low Risk
51.13706837,46.79835694,27.2318938,73.84758467,Low,Yes,45.89406122,Effective,Low Risk
39.84257433,72.36089205,44.64456199,58.61106831,Low,Yes,49.78594471,Effective,Low Risk
64.626796,52.23001186,63.35574745,70.99391968,Low,No,52.24396936,Effective,High Risk
47.79413928,44.94371043,58.62807524,29.86808377,Low,No,51.46740762,Ineffective,Low Risk
37.61754205,40.79896005,57.50998582,29.51263767,High,Yes,56.54008663,Effective,Low Risk
45.17921238,45.4629547,50.74660531,47.76546035,High,Yes,62.65759264,Ineffective,Low Risk
56.19397181,44.17734772,50.10594738,57.5417664,Low,No,55.88951173,Ineffective,Low Risk
41.54413171,52.55624334,40.09518291,76.94541234,Low,No,56.80378285,Effective,Low Risk
37.66669407,52.40860972,60.4824263,60.59118371,High,No,26.2666525,Ineffective,Low Risk
53.65530817,50.0456903,56.31459417,46.35978085,Low,No,50.75341549,Effective,Low Risk
53.67449857,56.55407255,57.38028272,34.60446189,High,Yes,57.19261322,Ineffective,High Risk
42.39585237,67.85969412,42.10947736,68.45000859,Low,No,60.93411792,Effective,Low Risk
42.93442542,64.24331203,17.6998562,35.52941861,High,No,39.61473839,Ineffective,Low Risk
53.48074906,27.72653047,66.45729068,74.42702832,High,Yes,40.11441088,Effective,Low Risk
28.27873488,11.69118298,42.81743816,45.73423026,High,Yes,41.38848987,Effective,Low Risk
28.88804338,64.01479867,37.05836354,73.85873109,Low,Yes,58.0462085,Effective,Low Risk
39.22333668,29.49681952,60.40218368,60.18396935,Low,Yes,65.50821582,Effective,Low Risk
46.79829272,46.62851897,44.1198104,47.94506766,Low,Yes,43.88809839,Ineffective,Low Risk
54.66361348,32.44830461,65.89904576,42.20905442,Low,No,63.6194347,Ineffective,Low Risk
72.13034325,22.97029344,59.25508924,44.88638184,Low,No,51.85219714,Effective,Low Risk
62.86489435,58.12194092,60.25353985,56.42475039,High,No,48.13571334,Ineffective,High Risk
47.60092205,61.3873274,29.51066433,51.15734744,High,Yes,46.82923655,Effective,Low Risk
49.71475688,41.35234399,68.17915978,41.09282888,High,No,61.19917047,Effective,Low Risk
34.96205953,11.13436562,53.91875797,47.51552885,High,Yes,54.88366725,Ineffective,Low Risk
49.72230296,41.80633328,44.46084291,51.17865545,High,No,84.13738141,Ineffective,High Risk
45.67012042,55.87706008,52.15082701,18.06898858,High,No,37.21663036,Effective,Low Risk
54.84077841,27.81632647,23.35647151,56.87252172,High,Yes,57.77152553,Ineffective,Low Risk
37.59153585,52.7503988,56.12979217,35.30418163,Low,Yes,42.06198485,Effective,Low Risk
57.79019771,49.77035226,34.55942738,32.70001395,High,No,36.9606952,Ineffective,Low Risk
72.9910837,58.68937249,29.70994571,24.68983479,Low,No,49.83699294,Ineffective,High Risk
48.36859777,51.79370553,27.16461221,23.09161253,High,No,52.06028719,Ineffective,Low Risk
56.02567583,35.40396589,66.69032562,29.66828745,High,No,93.77260333,Ineffective,High Risk
60.35215988,67.94857252,40.56104909,39.36468564,Low,No,47.23781276,Ineffective,High Risk
43.98169292,47.6220564,73.00591565,79.29888706,High,Yes,33.04731906,Effective,Low Risk
53.36138723,49.59043191,41.96297805,42.11180486,Low,Yes,54.09516076,Ineffective,Low Risk
50.18888601,36.00098061,24.38963064,52.66625159,High,Yes,18.88039944,Ineffective,Low Risk
51.46514148,43.35076623,33.2521334,56.0072208,Low,Yes,48.62064826,Effective,Low Risk
38.40485324,36.72795929,68.5371743,51.96597779,High,No,50.24037923,Effective,Low Risk
50.36765261,47.4058091,47.66152733,48.83834809,Low,No,61.91900574,Effective,Low Risk
57.46997437,75.6756272,41.77569055,32.07059355,Low,Yes,64.60433374,Ineffective,High Risk
71.76715412,29.42148286,52.40027339,71.76391322,High,No,42.44645572,Ineffective,Low Risk
64.38906239,25.79657903,57.52674104,77.10794965,High,Yes,47.74078978,Effective,Low Risk
82.29773686,72.06755491,66.76098224,24.76011959,Low,No,38.50818754,Effective,High Risk
38.48978656,46.86014484,71.72748845,34.63957114,High,No,33.07906168,Effective,Low Risk
63.08480955,39.96390892,44.60347031,45.80284486,Low,No,54.64842169,Effective,Low Risk
52.75013009,65.59857031,30.10928471,35.53193308,High,Yes,30.89621677,Ineffective,Low Risk
82.847044,40.9157669,43.79802258,57.5894833,Low,Yes,43.78059649,Ineffective,Low Risk
37.87552572,77.3901457,53.9042076,39.07591696,High,Yes,35.0723906,Ineffective,Low Risk
37.40417237,60.16888807,35.54361611,82.47584102,Low,Yes,58.24524779,Ineffective,Low Risk
41.00911032,42.68132888,35.64273628,67.85822892,High,No,77.02145149,Ineffective,Low Risk
18.14156414,82.3596232,55.15681822,53.18861046,Low,No,30.47618026,Effective,Low Risk
42.11367467,40.91427615,49.27021473,65.40479395,Low,No,22.20472276,Ineffective,Low Risk
38.61301008,61.13143058,50.49195493,66.58850637,High,No,48.12669672,Effective,Low Risk
52.2559068,54.48938871,38.62256998,41.54078768,High,Yes,50.23546694,Effective,Low Risk
55.12633964,69.52611934,46.54398929,37.75674133,Low,No,53.2798896,Effective,High Risk
78.14256259,73.42266795,36.13650284,51.17214594,Low,No,43.30519227,Ineffective,High Risk
64.25635757,50.48006224,63.35297617,62.92454187,Low,No,46.99041052,Effective,High Risk
41.34644517,38.69873194,65.52874002,52.08590598,Low,Yes,55.51265616,Ineffective,Low Risk
36.52377993,56.89958214,22.30718207,26.34505277,High,Yes,65.60646339,Effective,Low Risk
57.37878757,39.83426945,36.0573371,37.95763334,Low,Yes,20.67426845,Ineffective,Low Risk
30.19650189,80.20080871,27.55206117,48.89040705,Low,No,44.46590841,Effective,Low Risk
77.47188149,52.04802997,40.24964098,48.86501594,Low,Yes,53.20713191,Ineffective,High Risk
67.69160181,44.52017673,48.74843045,79.58813265,High,No,36.23035843,Effective,Low Risk
42.96236522,52.77020459,28.2553217,29.21018086,Low,No,75.96754448,Effective,Low Risk
24.30298206,29.79310566,36.1721028,57.58383863,High,No,40.4688518,Effective,Low Risk
70.30808561,35.42578942,34.94063942,72.33669662,High,Yes,49.38060969,Effective,Low Risk
48.28190232,68.00620862,53.10900994,84.07174618,High,Yes,58.34033145,Ineffective,High Risk
68.56724468,40.14658582,51.04016506,43.93403865,High,No,41.13072817,Ineffective,Low Risk
26.08358512,34.29633526,39.1739367,57.37144179,High,No,22.30140428,Ineffective,Low Risk
41.00937466,58.04979129,52.65231308,58.54640536,High,Yes,43.5701821,Effective,Low Risk
50.0786555,67.78556232,41.79979873,52.93222597,High,Yes,65.44160834,Effective,High Risk
50.70470891,60.78429966,45.92517335,48.51732198,Low,Yes,44.9465731,Effective,Low Risk
43.24901793,64.94071529,75.10178135,56.53963084,Low,No,37.30348548,Effective,Low Risk
59.34274899,38.64807367,70.10691578,12.01630872,High,No,63.88508314,Effective,High Risk
33.98569356,28.67284,30.50628145,60.23104235,Low,No,45.03837656,Effective,Low Risk
47.86430772,72.52000478,62.44598627,51.89266855,Low,Yes,42.3475878,Ineffective,High Risk
51.80443448,45.15980242,62.17094832,46.66287655,High,Yes,52.24184134,Ineffective,Low Risk
57.71658251,46.23750475,32.77605067,80.70293294,Low,Yes,61.56125314,Ineffective,Low Risk
60.67422317,69.92291213,62.28166466,39.87598972,High,No,85.72570298,Ineffective,High Risk
33.13036862,58.34345014,73.06897878,43.95386016,Low,No,62.40854161,Ineffective,High Risk
26.98828744,56.83831658,33.16182791,79.87329953,High,Yes,67.3975995,Ineffective,Low Risk
69.16515233,82.47503517,36.23745768,37.51908043,High,No,42.41050702,Ineffective,High Risk
54.98471018,40.34722654,65.264922,41.74827076,Low,Yes,34.61197841,Ineffective,Low Risk
38.77270195,63.91760192,54.07242966,47.79461865,Low,No,50.93497024,Effective,Low Risk
73.26727963,50.85519687,58.27214413,62.61101723,High,Yes,51.60754873,Effective,High Risk
51.73511951,54.02888418,55.10883825,53.11703761,High,No,33.82230888,Effective,Low Risk
67.68945776,72.9270264,55.86043881,30.61061979,High,No,47.37058205,Effective,High Risk
51.01277722,57.61753634,30.10291808,42.01747155,Low,Yes,55.98976403,Effective,Low Risk
80.91121887,58.07444119,65.7097656,40.8896835,Low,Yes,55.40590093,Effective,High Risk
76.33011264,66.08761006,67.54384989,48.84168432,Low,Yes,57.5643178,Effective,High Risk
46.26553777,44.52570906,46.55913884,56.38765488,Low,Yes,54.36447095,Ineffective,Low Risk
64.57356426,37.41185499,49.34784575,56.27308634,High,Yes,42.39487011,Ineffective,Low Risk
59.68063924,34.32786209,27.03338746,23.35982369,High,No,42.2914906,Effective,Low Risk
70.52947336,20.50465116,57.71382134,65.95911481,High,Yes,32.01572903,Ineffective,Low Risk
35.52614809,80.84310695,58.58086163,53.78853269,High,Yes,76.77162559,Ineffective,High Risk
60.2907719,33.45187451,49.06713475,70.76798071,Low,Yes,50.20175547,Ineffective,Low Risk
65.8763673,46.68119565,66.8653004,56.66297491,High,No,46.62720416,Ineffective,High Risk
23.6189077,45.8478005,44.98884154,66.51984437,High,Yes,36.06811878,Ineffective,Low Risk
32.25112231,54.61110047,58.46908889,56.99817967,Low,Yes,94.03486853,Effective,High Risk
19.41151733,62.23605819,34.70503492,70.19338634,Low,Yes,33.90007952,Ineffective,Low Risk
45.95889748,62.90710233,49.64671774,57.83375954,High,No,43.56728112,Effective,Low Risk
60.76313384,41.25383842,47.38468613,48.5312713,Low,No,56.23755254,Effective,Low Risk
72.53535578,47.49317429,53.37961883,84.08652081,High,Yes,59.00319449,Effective,High Risk
51.11142171,54.23869926,44.45709607,63.33555683,Low,No,64.36898083,Ineffective,High Risk
74.42923318,46.26963311,48.02791106,58.60616632,Low,Yes,77.11412762,Effective,High Risk
29.29847813,74.11018364,62.39070757,30.85543375,High,No,57.59236483,Effective,High Risk
24.44926341,57.36462427,43.44853644,30.67538574,Low,Yes,34.159538,Effective,Low Risk
49.16678452,61.02316679,25.90134349,54.39073223,High,No,46.14582312,Effective,Low Risk
55.76098173,59.94321903,76.24375856,52.18281797,Low,Yes,54.61748559,Ineffective,High Risk
49.50957878,67.60210786,70.72181118,40.78816152,Low,Yes,81.02339062,Effective,High Risk
18.9883685,52.71532338,30.61605957,52.11474049,Low,No,29.03291782,Effective,Low Risk
48.66319941,30.54752078,60.34561708,73.82940392,Low,Yes,68.03864758,Effective,Low Risk
30.43295749,55.99531928,42.45537844,60.43103712,Low,Yes,52.69871554,Effective,Low Risk
60.04508823,40.22964659,53.95230823,32.88487235,High,Yes,62.56745803,Ineffective,High Risk
55.49897369,42.07074977,54.41336194,48.32736759,Low,Yes,48.47007925,Effective,Low Risk
35.90180321,58.79546028,46.483883,37.92550279,High,No,37.36351055,Effective,Low Risk
42.29199624,68.57424607,38.24351502,44.18450125,Low,Yes,61.26309169,Effective,Low Risk
34.11179717,50.31907365,39.64188422,43.79576502,High,No,59.81646541,Effective,Low Risk
49.05981354,54.63249519,36.25712127,42.83531626,Low,No,64.58085449,Effective,Low Risk
64.32713481,75.53322417,37.52266688,31.17296942,High,No,49.80043047,Effective,High Risk
35.2141093,53.61129769,48.99232565,48.08517978,High,No,41.00266965,Ineffective,Low Risk
57.56069773,89.02524671,39.26360016,41.59088545,Low,Yes,26.61819507,Effective,High Risk
42.04613572,58.48264468,60.23078099,6.05826965,Low,Yes,62.29059902,Ineffective,High Risk
38.10690752,23.58855861,72.30869233,80.79458037,Low,No,56.35834224,Ineffective,Low Risk
48.3945446,61.30012432,41.29920138,66.33154481,High,Yes,35.51326051,Effective,Low Risk
34.47136516,55.71737577,53.59106751,44.35548913,High,No,41.9213949,Ineffective,Low Risk
41.69526042,69.34629131,57.49527665,50.28228575,Low,Yes,42.99861782,Effective,Low Risk
32.03183161,60.09772027,57.08003406,32.42518479,Low,Yes,27.75523352,Ineffective,Low Risk
79.47087699,47.92316024,51.13932902,75.43584317,High,Yes,37.73476405,Effective,High Risk
50.52895328,31.63552646,61.14023628,78.45933042,High,No,32.99254465,Ineffective,Low Risk
39.50411738,46.86465114,57.23373429,52.35040592,Low,No,43.81281482,Ineffective,Low Risk
53.20969866,37.24219319,31.43506367,65.35295966,High,Yes,38.91953753,Effective,Low Risk
48.31507925,41.29214825,63.03734097,52.62930168,Low,No,25.59492619,Ineffective,Low Risk
46.68545601,58.82867607,63.30936256,29.94911842,Low,No,80.33885346,Ineffective,High Risk
59.2125005,75.04856757,38.55070844,43.82264947,Low,Yes,68.78811097,Ineffective,High Risk
61.36261565,55.92007295,50.56906753,51.9789195,High,No,38.31470868,Ineffective,Low Risk
42.04248279,32.06175407,60.24993489,43.18178422,High,Yes,54.08632095,Ineffective,Low Risk
41.36272639,56.66904002,46.86029271,46.72020084,High,Yes,56.26197635,Effective,Low Risk
45.87422454,67.9494723,66.09467072,48.62900664,High,Yes,67.86628782,Ineffective,High Risk
15.47118253,40.85325644,85.45808742,48.78682253,Low,No,37.7209246,Ineffective,Low Risk
27.27213407,47.9897425,38.21020951,50.78387736,High,Yes,66.38160176,Effective,Low Risk
70.50311401,50.22032292,29.28433095,34.090924,Low,Yes,41.78142044,Effective,Low Risk
74.6745157,38.2265253,54.55727893,39.24475776,Low,No,29.96206394,Effective,Low Risk
46.26445941,59.72420651,60.82343758,30.73123601,Low,No,60.86204839,Ineffective,High Risk
58.64835445,48.18577777,46.53700439,64.66723325,High,No,69.36137636,Ineffective,High Risk
54.66875232,56.29298666,71.79890995,18.41529587,Low,No,88.8186346,Ineffective,High Risk
96.18321213,36.68761733,29.920913,67.30385515,Low,Yes,32.00412102,Ineffective,Low Risk
66.79362367,43.4381255,60.39377935,70.79524096,High,No,60.48379528,Effective,High Risk
48.08123613,60.83572037,40.91208769,45.4672912,Low,No,43.85298134,Effective,Low Risk
35.66689339,44.40750272,75.79066859,10.95294368,High,No,61.75038066,Ineffective,Low Risk
25.9033052,75.90445777,79.8877303,44.58034157,High,No,27.94265673,Ineffective,Low Risk
53.05195454,44.00545722,38.50015118,49.03723758,High,Yes,31.05845336,Ineffective,Low Risk
38.65473882,53.37027089,41.75664296,34.8410267,Low,No,38.36187765,Ineffective,Low Risk
28.66619436,63.98886248,62.8938183,42.27172409,High,Yes,51.18446069,Effective,Low Risk
40.30140674,28.72451401,44.19304025,72.95292798,High,No,40.383781,Effective,Low Risk
33.77677995,23.58786782,49.31883173,59.97390743,High,Yes,59.88581516,Ineffective,Low Risk
75.30712453,27.11515528,50.38082631,36.13153828,High,Yes,65.40341927,Effective,High Risk
63.22459635,68.93876155,21.20490266,26.03601246,Low,No,58.99366312,Ineffective,High Risk
49.88041038,41.72212781,49.79243381,45.09474024,High,Yes,74.28181459,Ineffective,High Risk
72.19916208,88.37298929,39.65408339,46.79814831,Low,No,56.23739944,Effective,High Risk
51.16052461,41.53628602,42.60315766,57.44298781,High,Yes,31.74654934,Ineffective,Low Risk
37.08073698,52.76826955,71.65448005,41.97024931,Low,Yes,70.4506477,Effective,High Risk
72.84686116,73.13164929,31.15239659,57.67249363,High,Yes,40.92265647,Ineffective,High Risk
58.08365066,80.09139332,62.1980778,79.0273106,Low,No,63.6562775,Effective,High Risk
34.44130769,80.92255365,45.81555605,62.23251534,High,Yes,73.60601325,Ineffective,High Risk
47.14491983,68.12549346,45.80359747,49.27867239,Low,No,56.85032016,Effective,High Risk
36.8657262,65.36093789,61.85557844,47.25274293,Low,Yes,27.5576178,Ineffective,Low Risk
29.25800404,58.88790424,55.10076942,44.64990299,Low,Yes,36.2268175,Ineffective,Low Risk
63.89266321,61.67541614,58.55919496,67.70961369,High,Yes,69.841167,Effective,High Risk
78.64124961,41.73221426,64.52276991,40.59029831,Low,Yes,47.46315972,Ineffective,High Risk
29.02148639,37.72701675,45.03037425,50.67834063,Low,Yes,51.19360302,Effective,Low Risk
58.44453855,49.94938314,40.81644898,50.76796853,Low,Yes,61.38236624,Effective,Low Risk
40.24036146,47.44723066,33.7227421,42.47323711,Low,No,60.44484293,Ineffective,Low Risk
42.69311924,43.20157926,37.61884205,29.41301678,High,No,54.18199719,Ineffective,Low Risk
41.11409114,60.44581171,94.23641638,54.84461755,Low,No,46.86997443,Ineffective,High Risk
37.04013845,64.32957813,68.67019371,49.08494042,Low,Yes,45.30997331,Ineffective,Low Risk
50.72782442,51.32610329,29.73388451,57.50360704,Low,No,62.86848238,Effective,Low Risk
37.53574825,72.16295122,30.16313065,41.9959954,High,Yes,58.30354297,Ineffective,Low Risk
54.05685239,32.87466329,57.22799093,68.31231948,Low,No,46.14049999,Ineffective,Low Risk
49.24642836,47.09510811,58.20897196,36.84839328,Low,No,66.23168469,Ineffective,High Risk
46.4157793,39.24766519,58.23325753,75.68060426,Low,Yes,48.06448827,Effective,Low Risk
36.38654507,22.00195074,46.1756631,23.78545235,Low,Yes,37.22506738,Ineffective,Low Risk
41.34843004,48.75978971,48.1181861,56.52155097,High,No,38.61543952,Effective,Low Risk
61.33086839,48.17378737,54.91819286,57.13146024,Low,No,35.31888746,Ineffective,Low Risk
57.51375781,72.70174615,51.28839509,38.06664398,Low,No,45.91384975,Effective,High Risk
35.33667133,59.46217527,16.71049441,56.36590907,High,No,68.50586418,Ineffective,Low Risk
51.48998458,34.63719764,46.55300554,69.19278005,High,Yes,37.92357228,Ineffective,Low Risk
61.27080685,77.8113885,37.22890349,16.74771741,High,No,52.82713642,Effective,High Risk
24.95892078,68.31550543,52.62817128,57.54117211,Low,Yes,40.14965982,Ineffective,Low Risk
58.15040289,58.73146555,94.77888504,12.6009377,High,Yes,46.09536438,Ineffective,High Risk
40.06064362,46.60273852,55.51222498,35.51502795,Low,No,27.34938182,Ineffective,Low Risk
58.55898003,35.60841145,45.29705471,74.43749547,High,Yes,46.69192656,Effective,Low Risk
38.55111265,44.41689836,63.82702253,41.2732695,Low,No,47.0944193,Ineffective,Low Risk
22.92676849,66.3312293,57.24031831,32.39180053,High,Yes,58.10431916,Effective,Low Risk
25.58686343,78.26879459,56.30141736,47.03093407,Low,Yes,53.3492137,Effective,Low Risk
50.7212742,73.14865292,59.1027589,81.01859507,High,No,32.02411813,Effective,Low Risk
53.89583753,42.66725867,80.84815347,22.52476629,Low,Yes,66.26297366,Ineffective,High Risk
36.43525062,33.2057385,33.03667347,34.23035133,Low,Yes,53.1545456,Effective,Low Risk
59.57888688,52.1132937,57.10448115,72.46147525,Low,No,52.97590276,Effective,High Risk
25.07719907,23.47340952,36.10428305,77.86553515,Low,Yes,49.8622647,Ineffective,Low Risk
49.00880302,54.84751571,58.3326897,48.44853164,Low,Yes,42.23363829,Effective,Low Risk
31.834757,47.78596121,36.21970233,31.41420946,Low,No,53.2670351,Effective,Low Risk
40.22245838,43.00945247,43.7394978,81.43765253,Low,No,57.13382654,Ineffective,Low Risk
50.71098007,26.07945399,45.57365129,73.91663588,Low,Yes,23.79656463,Ineffective,Low Risk
37.09379952,57.7040016,64.63725079,60.18420482,High,Yes,41.91858744,Effective,Low Risk
44.23166684,42.00948741,63.77681666,37.81396477,Low,Yes,46.17579544,Ineffective,Low Risk
65.09439214,32.45124746,31.31423935,49.26455989,Low,No,53.84255909,Ineffective,Low Risk
41.34662196,6.916066801,50.82401166,47.59459878,High,Yes,67.89966509,Ineffective,Low Risk
62.53538168,49.58727642,39.35630218,54.96276957,Low,Yes,38.42388778,Effective,Low Risk
33.05439718,76.58377395,31.12242634,71.76502157,High,Yes,42.5305723,Effective,Low Risk
57.94706267,74.91888822,46.74474424,63.19125562,Low,Yes,42.31198834,Ineffective,High Risk
71.62352931,43.14355615,45.37275817,33.83935885,High,Yes,37.97708615,Effective,Low Risk
12.9253325,40.96681909,86.4007473,70.64744675,High,Yes,44.79220257,Ineffective,Low Risk
38.04657117,57.03161384,56.49439738,54.6969821,Low,No,61.5620333,Ineffective,Low Risk
58.65608191,35.02421841,29.33573749,60.30598694,High,No,34.19246757,Ineffective,Low Risk
46.95431921,54.5268785,41.52838994,71.99811289,Low,Yes,56.41721593,Ineffective,Low Risk
55.5671881,61.49120418,65.32074943,33.32629626,Low,Yes,24.47146655,Ineffective,Low Risk
40.9402222,68.40399836,81.32664159,49.46261632,Low,No,41.57993005,Effective,High Risk
51.29884681,48.49768885,26.21025032,42.02818173,Low,No,45.0576605,Effective,Low Risk
47.66484147,46.94489375,21.80113422,26.48210862,High,No,75.12289509,Effective,Low Risk
67.51673092,36.8302612,78.06447763,55.20064966,Low,Yes,45.87796543,Effective,High Risk
53.81631265,37.59679469,55.84421266,87.67334827,High,Yes,16.9813479,Ineffective,Low Risk
55.06403993,46.60281662,36.97560902,22.39883383,High,Yes,20.0166664,Ineffective,Low Risk
43.82184551,55.5104826,58.01943629,49.51579083,Low,Yes,50.5104438,Effective,Low Risk
42.68590664,63.70376939,10.46378391,59.60814403,Low,No,59.20656284,Effective,Low Risk
43.51162718,37.95231574,50.0506326,51.84617302,Low,No,55.63183786,Ineffective,Low Risk
55.91678214,72.39032853,54.91731759,48.30307921,Low,No,52.51355159,Ineffective,High Risk
43.68523279,45.93314598,63.86405209,30.51175455,High,No,67.43389396,Ineffective,High Risk
54.34662285,49.67949058,34.79156072,53.49180114,Low,Yes,41.90613169,Effective,Low Risk
81.13101198,38.79182481,51.28530742,38.64854034,High,Yes,63.42365834,Ineffective,High Risk
63.06687055,13.6363961,36.11863061,17.15117443,Low,No,25.51977672,Ineffective,Low Risk
45.10964702,63.26068095,53.83075634,67.91888331,Low,No,36.42578251,Effective,Low Risk
68.01820883,61.05265846,36.56980516,64.3757873,Low,No,22.89437908,Effective,Low Risk
43.8788694,45.78008664,43.87848741,50.77491465,Low,No,45.87732049,Effective,Low Risk
19.42813197,51.00486076,35.06276908,53.43612032,High,No,49.30608174,Ineffective,Low Risk
34.87870534,57.73908827,59.76704363,66.11477019,High,Yes,51.71152238,Ineffective,Low Risk
21.93812118,26.56181215,62.87676675,53.36509485,Low,Yes,50.92825029,Effective,Low Risk
44.72729774,42.06420984,46.48069145,63.56026332,High,No,36.08670004,Ineffective,Low Risk
50.27627569,61.91397019,50.57356992,45.53776699,High,No,47.14638733,Ineffective,Low Risk
75.14655968,31.18565865,28.27112878,69.67975608,Low,No,27.53829997,Ineffective,Low Risk
54.90391061,54.40336898,45.50485028,54.81178589,Low,Yes,70.44843463,Effective,High Risk
46.71349207,29.65127293,49.24693074,52.91077915,High,Yes,45.44560891,Effective,Low Risk
62.44108372,56.99644974,89.31189637,30.94908367,High,Yes,42.66670821,Ineffective,High Risk
16.83297036,49.46537777,33.32049461,54.30433781,High,No,73.83410493,Ineffective,Low Risk
53.53421837,25.77302276,71.96265858,37.52067624,High,Yes,31.366302,Ineffective,Low Risk
61.56297791,67.47109032,64.9528816,40.4257591,Low,No,33.11619329,Ineffective,High Risk
27.82120631,38.98112635,54.20954607,37.76936558,Low,Yes,33.55669513,Effective,Low Risk
67.15631065,37.84621344,76.37930726,34.00647602,High,Yes,48.98192927,Effective,High Risk
55.07744611,53.00853796,55.58158209,81.87157105,Low,Yes,56.47447444,Ineffective,High Risk
43.77068129,67.22956024,55.83738794,69.97008593,High,No,61.09513202,Ineffective,High Risk
59.49172799,34.76267272,49.2031902,78.80551253,High,No,88.57992976,Effective,High Risk
84.06039287,50.92519775,68.35353324,31.65657471,Low,Yes,16.25851319,Ineffective,Low Risk
52.72799383,56.4322475,66.44703851,51.06880625,High,No,59.13103384,Effective,High Risk
53.72330879,60.39658411,40.61484069,30.59738562,High,No,41.64304141,Ineffective,Low Risk
43.10958651,52.64662333,30.21129208,39.56457684,Low,No,41.20377277,Effective,Low Risk
37.25233446,44.49458241,46.95529044,36.22809525,Low,No,40.70341808,Ineffective,Low Risk
62.45503725,37.58614669,37.99942153,68.5937601,High,No,36.36845494,Ineffective,Low Risk
37.15874261,51.29215825,49.04713138,44.05655483,High,No,75.26787252,Effective,Low Risk
51.07349356,33.91791482,68.56157202,66.02569001,Low,No,62.63445991,Effective,Low Risk
42.8351383,6.179742748,43.14047517,59.06181334,High,Yes,50.34793968,Ineffective,Low Risk
57.18469739,56.54839706,49.35764928,84.55458128,High,No,70.26523629,Ineffective,High Risk
55.00493158,63.55902262,50.87034102,27.80833665,Low,No,27.31206552,Effective,Low Risk
65.56309916,14.55601347,62.72646323,68.8884986,Low,Yes,30.03942303,Effective,Low Risk
42.34975402,34.85403943,16.29665999,67.19661306,Low,Yes,17.33048402,Ineffective,Low Risk
45.95187597,59.28731392,40.89949558,35.39931743,Low,Yes,39.5087819,Ineffective,Low Risk
35.31854426,80.86243205,53.16925538,65.10700005,Low,Yes,52.4254779,Effective,High Risk
43.3356011,50.31190562,68.00118435,55.04217445,Low,No,51.54287867,Effective,Low Risk
55.6595074,39.07995588,42.62146329,46.5878561,High,Yes,52.24012867,Effective,Low Risk
61.35482925,47.25655338,21.85170941,37.6409677,High,Yes,28.83414753,Effective,Low Risk
36.16752014,70.62314629,59.29567169,39.21335823,Low,No,62.04732114,Effective,High Risk
63.0440888,40.31053731,40.46956417,80.74718144,Low,No,53.59441277,Ineffective,Low Risk
70.33456788,38.0121199,32.15500011,50.01024228,High,No,60.99581422,Ineffective,Low Risk
56.20152355,42.75884717,40.63481915,61.73195002,High,Yes,21.60856734,Effective,Low Risk
78.15193719,35.70007088,47.23211964,38.13650927,High,No,54.67236288,Ineffective,High Risk
38.39316201,51.84005474,40.92883003,38.30220581,Low,Yes,32.1835214,Ineffective,Low Risk
31.33017945,74.37017688,16.91650914,66.22977214,Low,No,44.04015121,Effective,Low Risk
23.31919627,54.8461891,63.45599295,29.75635683,High,No,58.01547348,Ineffective,Low Risk
72.44066467,46.21469747,69.12312562,43.77179348,Low,Yes,51.36640409,Ineffective,High Risk
59.81548485,45.62283097,59.77282987,50.51041117,Low,No,37.2269003,Ineffective,Low Risk
49.16622994,26.55213787,32.93471494,51.67058903,Low,No,50.09409734,Effective,Low Risk
54.19952939,63.24664666,46.97762699,47.31360072,High,No,27.02697027,Effective,Low Risk
33.11766429,48.83244204,49.90218027,55.93729672,High,No,67.25401094,Ineffective,Low Risk
86.68627969,47.2928013,58.98191584,60.39283634,Low,No,46.92073971,Ineffective,High Risk
51.93831773,97.89661352,60.02510733,61.01956318,Low,Yes,66.77824916,Ineffective,High Risk
51.64092192,54.48129363,38.98739302,35.21294287,Low,Yes,42.10202469,Ineffective,Low Risk
60.88649936,38.72313425,51.22993335,45.73767353,Low,No,42.14636017,Ineffective,Low Risk
57.21513848,43.60463606,56.85920607,67.92144293,Low,Yes,38.5371982,Ineffective,Low Risk
53.35826036,67.22668564,71.83733483,63.41970781,High,Yes,63.14260898,Effective,High Risk
38.14288317,51.69905616,60.5675981,29.40710823,Low,Yes,39.35853264,Ineffective,Low Risk
57.07202536,28.42583033,61.83585031,55.27219851,Low,No,59.66893149,Ineffective,Low Risk
78.23036745,63.78843402,51.25739942,20.32662126,Low,No,44.26321403,Effective,High Risk
70.18130069,39.97783872,71.15688718,50.70402353,High,No,20.3605505,Ineffective,Low Risk
73.8977994,78.09946664,56.14644194,78.46650525,High,Yes,41.44528898,Ineffective,High Risk
42.33176485,66.20072099,37.08368135,35.78160924,Low,Yes,32.31337678,Ineffective,Low Risk
35.1559277,43.29017157,71.05054955,37.48515432,High,No,50.50854086,Ineffective,Low Risk
48.1131962,69.21524543,60.46854909,61.46044672,High,No,32.14388396,Effective,Low Risk
50.83587368,51.01783266,43.35433968,26.85797727,High,Yes,63.88962651,Ineffective,Low Risk
66.41287278,62.79160513,42.80760549,40.50867455,High,Yes,48.63386209,Effective,High Risk
24.61303055,57.27099226,54.44863318,58.94661706,High,No,47.33606008,Ineffective,Low Risk
72.94325479,37.30465018,56.94777193,40.48571228,High,Yes,59.83838207,Ineffective,High Risk
47.62988152,40.34675252,52.95938398,46.46045019,Low,Yes,64.45860401,Effective,Low Risk
43.59678395,65.44941226,54.6696301,61.16278565,High,Yes,49.69851872,Ineffective,Low Risk
34.81843437,44.97837002,75.49936062,56.32319125,High,Yes,38.43199551,Effective,Low Risk
25.17714992,43.94527305,66.07314728,54.00227594,Low,Yes,23.39045576,Effective,Low Risk
62.34755876,35.67316131,52.85953387,44.91316581,Low,Yes,39.70925364,Effective,Low Risk
51.09976951,56.35398598,64.11965871,55.55091673,Low,Yes,40.7418163,Ineffective,Low Risk
30.6505865,80.93787379,34.51214145,48.1440098,Low,No,51.60586179,Ineffective,Low Risk
30.57381842,33.98700629,55.96890575,56.86708415,High,No,44.82279678,Ineffective,Low Risk
44.96322951,50.36329185,77.13959525,42.54601962,High,Yes,60.31899458,Ineffective,High Risk
75.03532288,71.18330833,46.72931157,47.26146538,High,Yes,40.80525093,Effective,High Risk
46.10612973,48.80537913,37.28549107,35.15063311,High,Yes,49.1443825,Ineffective,Low Risk
27.4528557,56.78557694,40.21866667,49.47488585,Low,No,67.75981165,Ineffective,Low Risk
46.31385404,34.06409708,33.65550444,37.83498705,High,No,55.12737821,Effective,Low Risk
45.90914645,56.42460646,38.22857138,33.28930325,High,Yes,49.09943687,Effective,Low Risk
9.546700356,47.19283602,44.44237852,53.87991722,Low,No,40.97083337,Ineffective,Low Risk
49.185577,64.78594994,28.91649471,53.19109664,High,Yes,40.50152905,Effective,Low Risk
46.53598205,67.81079077,50.23427501,61.74310602,High,Yes,37.24080121,Effective,Low Risk
60.44309547,88.84345463,63.53415761,43.53311646,High,Yes,41.88489701,Effective,High Risk
77.73434142,58.6944976,36.3836573,56.1207927,High,Yes,61.33498758,Effective,High Risk
66.89847544,54.88694475,72.78925885,58.26196358,Low,Yes,46.67167593,Effective,High Risk
45.96666964,52.91576452,57.66188133,56.67160712,Low,Yes,29.75340396,Ineffective,Low Risk
33.40211137,44.70250561,65.45870878,37.61519476,Low,Yes,76.5225394,Ineffective,High Risk
88.60039705,55.07725765,40.13248169,52.24045223,Low,No,54.79947787,Ineffective,High Risk
50.88827651,45.56897885,62.81787841,55.46210444,Low,Yes,28.89584899,Ineffective,Low Risk
50.20893938,52.52691464,33.62099149,50.107677,High,No,43.37226609,Ineffective,Low Risk
49.63812369,69.76396303,63.35371251,18.70283512,High,Yes,51.66329574,Ineffective,High Risk
52.97127141,34.90186152,52.5775901,52.40734436,Low,Yes,75.5688814,Ineffective,High Risk
47.83459382,67.09817842,58.2987683,83.18796559,Low,No,33.37831313,Effective,Low Risk
41.3950699,69.75672601,32.36608092,44.59941097,Low,No,64.64061079,Ineffective,Low Risk
41.79711588,48.2289721,36.57395237,39.07884353,High,Yes,70.9922964,Ineffective,Low Risk
49.50870095,18.17217651,58.95842327,55.6002284,Low,No,40.57018542,Ineffective,Low Risk
41.84862843,40.88267019,35.77477994,54.68567316,High,Yes,45.83729572,Effective,Low Risk
39.30731326,69.4549182,56.94809438,67.89102748,High,Yes,34.45536129,Ineffective,Low Risk
51.59645342,49.65697907,29.4929329,31.13197766,High,No,46.94808288,Ineffective,Low Risk
46.17534174,35.01046652,62.72261319,60.97070379,High,No,49.45115038,Effective,Low Risk
72.55989483,42.42837618,31.51215028,58.85633092,Low,No,59.89474997,Ineffective,Low Risk
10.23545287,62.6093004,58.28449907,47.86780195,High,No,66.35275207,Ineffective,Low Risk
66.37260278,58.20100352,59.384464,55.08030977,High,Yes,38.77855903,Effective,High Risk
68.69127789,46.41601851,39.54842272,65.44186222,Low,No,20.49012404,Ineffective,Low Risk
18.89914651,44.49763382,58.73039851,63.0847307,High,No,49.68132831,Effective,Low Risk
44.85968609,44.12362776,53.90663395,32.85471032,High,No,54.40306295,Ineffective,Low Risk
44.42838701,36.16384723,41.91737216,62.3023728,High,No,53.74126532,Ineffective,Low Risk
28.88732458,74.23063534,34.87167974,49.02967092,Low,No,45.09990129,Ineffective,Low Risk
38.33274969,45.16519296,20.56061462,51.09311147,High,Yes,51.87128149,Effective,Low Risk
33.34136232,68.25737781,55.24475071,51.09795487,High,Yes,72.73167213,Effective,High Risk
76.28405665,72.81974078,26.52795843,47.74635517,Low,No,55.72601253,Effective,High Risk
64.0351759,64.97466347,51.43016299,67.87561246,Low,No,44.39947362,Ineffective,High Risk
69.07332642,43.52569531,46.04827676,48.7442306,High,Yes,42.49703274,Ineffective,Low Risk
60.82508096,56.05595136,60.18714163,33.20680807,High,No,47.45221463,Effective,High Risk
33.06422343,49.6370659,45.46931751,44.09705216,Low,Yes,74.55109943,Effective,Low Risk
42.13219601,36.44447209,45.0582832,52.68042075,High,Yes,47.25048936,Ineffective,Low Risk
57.34061842,54.86538923,60.97806056,68.43822176,Low,No,49.70308483,Ineffective,High Risk
31.66808287,32.31440313,55.02587044,59.04642027,High,Yes,42.76529644,Ineffective,Low Risk
60.69497645,67.81519083,54.74233936,37.24197082,Low,No,66.48475036,Ineffective,High Risk
46.39511903,43.03074054,57.03901385,87.27784875,High,No,79.39755882,Effective,High Risk
44.37768789,53.01739484,26.96641815,53.97162966,Low,Yes,56.75919574,Ineffective,Low Risk
60.66439952,54.24931807,61.3518302,69.13086107,Low,Yes,51.24159356,Ineffective,High Risk
56.66394967,46.11642539,59.18703191,47.7242835,Low,No,50.5517425,Ineffective,Low Risk
44.58550751,58.80040702,34.74975307,58.00038867,Low,Yes,14.23539817,Ineffective,Low Risk
67.38994705,42.87644515,46.33879289,62.59202757,Low,No,61.17726296,Ineffective,High Risk
33.78405009,63.06945946,49.41039069,68.27292068,High,Yes,52.01249624,Ineffective,Low Risk
59.2390341,29.8103048,47.98254823,65.86052458,High,Yes,56.42513076,Ineffective,Low Risk
58.89651887,51.89569369,55.0078995,63.082955,Low,No,39.32806709,Effective,Low Risk
45.35680341,79.08393499,71.47050173,45.27369903,High,No,44.23314682,Effective,High Risk
54.89199533,34.99503013,66.22650092,41.42380937,High,No,43.83462595,Effective,Low Risk
31.23329635,39.83382544,30.3167121,54.98911265,High,Yes,65.32434476,Ineffective,Low Risk
63.86040529,57.70861774,59.33104985,63.99692109,High,No,44.31860245,Effective,High Risk
47.22646795,52.69372673,69.93399979,46.65918949,High,No,81.23990483,Ineffective,High Risk
42.15915469,55.25945149,55.80212781,65.97757949,High,Yes,56.46293629,Ineffective,Low Risk
65.73513839,57.33780695,66.36470638,71.78925118,Low,Yes,30.8647601,Ineffective,High Risk
39.43484464,59.52082203,80.18405669,36.25518621,High,No,48.0718056,Ineffective,High Risk
28.87308055,66.64549763,65.35564319,37.44618944,High,No,40.22487317,Effective,Low Risk
26.6505624,56.14727985,53.73962893,47.89437412,High,No,17.08426295,Ineffective,Low Risk
59.09014927,46.38113518,65.67632711,54.61419002,Low,No,73.9920641,Ineffective,High Risk
30.79355971,60.08860552,52.1733175,42.13149479,High,Yes,60.54713813,Effective,Low Risk
76.32191273,78.49822902,50.35854565,70.28304018,High,Yes,57.99810977,Effective,High Risk
18.77105888,48.0104938,44.72878646,56.36100292,High,No,52.4810549,Effective,Low Risk
75.44684552,35.38206043,73.45120038,50.59170572,Low,No,29.26973647,Ineffective,Low Risk
53.16526201,66.60621004,37.72357001,28.46135714,High,No,42.74574291,Effective,Low Risk
48.54930332,48.19428254,72.98551587,30.26276275,Low,Yes,62.62671162,Ineffective,High Risk
41.8262137,17.40995681,57.49796186,54.21513875,High,No,34.23169955,Ineffective,Low Risk
55.98704172,62.71132516,29.01040738,18.01106561,Low,No,12.02346026,Effective,Low Risk
49.43547946,41.97007721,55.51473939,65.18956114,Low,Yes,46.59340988,Effective,Low Risk
66.54952823,48.64200077,18.49960239,47.62769233,Low,Yes,47.87363669,Effective,Low Risk
51.71341473,54.97970496,59.38262025,98.64639454,High,No,52.03345125,Ineffective,High Risk
52.25452642,52.8574952,63.27847224,84.61874376,Low,No,60.92777965,Ineffective,High Risk
44.54581682,60.64177726,41.11466067,47.27826396,Low,Yes,59.56408718,Ineffective,Low Risk
49.14581564,43.46770444,51.85321544,48.40494496,Low,No,53.88154708,Ineffective,Low Risk
54.61702653,57.69658697,79.31236151,64.93372271,Low,No,67.93297082,Ineffective,High Risk
24.34747411,46.10679984,42.41379944,75.54758915,High,Yes,27.21545329,Ineffective,Low Risk
29.77721867,61.08215721,34.11638619,25.42956414,High,Yes,57.56872722,Effective,Low Risk
61.14896141,59.23051226,72.22495104,23.20436802,High,Yes,59.39807545,Ineffective,High Risk
52.56298157,35.96841947,79.43880786,40.66947792,High,No,31.40656571,Effective,Low Risk
47.24024995,66.28973174,50.05543508,58.74106375,Low,Yes,27.45694087,Effective,Low Risk
50.276509,41.96054832,65.17194553,57.45310386,High,Yes,38.8108681,Effective,Low Risk
55.21372558,62.12086697,70.12213873,66.04657182,Low,No,40.07687836,Effective,High Risk
41.9036048,55.5093097,38.86273651,32.00453707,High,No,61.30129195,Effective,Low Risk
38.32542912,77.57275515,42.72041247,15.25784206,High,Yes,40.78191824,Ineffective,Low Risk
52.93767883,46.64801026,68.4631177,62.87021293,High,Yes,37.15477223,Ineffective,Low Risk
35.32440834,44.76024806,75.27521418,37.57705591,Low,No,40.82549395,Ineffective,Low Risk
56.12379134,49.70870591,58.4432129,19.72268203,High,No,66.77948501,Ineffective,High Risk
24.46124594,45.45230326,36.8027847,52.17595619,High,Yes,50.19565062,Effective,Low Risk
65.43733456,61.99912853,79.80591668,61.89763532,High,Yes,47.31123462,Effective,High Risk
57.08896224,25.75534087,42.03543653,48.16914302,Low,No,48.34991752,Effective,Low Risk
53.84044601,34.19476371,44.97293328,43.13227421,High,Yes,69.38090501,Ineffective,Low Risk
64.74036476,33.98295618,55.13506752,47.60956652,High,No,38.7624241,Ineffective,Low Risk
74.98211667,64.25461388,73.31240631,44.44125856,Low,Yes,69.73262436,Ineffective,High Risk
65.21555098,75.65920059,62.80963965,29.77929332,Low,No,53.15744448,Ineffective,High Risk
22.38688653,48.43326172,56.22298251,39.27978985,High,No,47.59370927,Effective,Low Risk
30.8063455,47.46767415,56.94932795,57.81919858,High,Yes,87.51350747,Effective,High Risk
40.62772133,51.05078245,50.65272003,54.82517812,High,Yes,34.16540765,Ineffective,Low Risk
50.39136575,67.42817454,58.37209272,52.52089709,Low,No,44.69471361,Ineffective,High Risk
57.76488531,36.08970299,12.05659883,35.07277277,Low,Yes,31.51353141,Effective,Low Risk
39.1138428,53.57553474,45.55088811,47.27745257,Low,Yes,64.28692956,Effective,Low Risk
52.80150147,64.62796445,53.61982902,17.3440243,High,Yes,75.337834,Effective,High Risk
38.66925601,57.51641255,32.73478875,52.67714996,Low,No,75.04884172,Effective,Low Risk
40.82723296,52.84372425,55.79484977,71.43286562,High,Yes,68.3592313,Ineffective,High Risk
28.90008355,65.01569139,46.93293169,27.88801802,Low,Yes,47.03569298,Effective,Low Risk
36.15150131,9.451515605,76.33213547,41.2110849,Low,No,44.52138534,Effective,Low Risk
29.72473092,60.16812979,73.59529588,54.93660168,Low,Yes,24.93245341,Effective,Low Risk
35.36190121,40.18886475,43.01291646,68.79263952,High,Yes,80.53810303,Effective,Low Risk
65.80462695,22.54050655,47.73743433,43.27663076,High,No,57.03467117,Ineffective,Low Risk
35.75901667,57.66803899,48.89078652,39.61624506,High,No,42.62064643,Ineffective,Low Risk
89.48573097,70.60487818,43.22510786,20.46615286,High,Yes,69.92085333,Ineffective,High Risk
57.39976851,47.93827228,52.92537476,51.55157194,Low,Yes,35.40853225,Ineffective,Low Risk
52.77254186,64.29311821,38.62576897,80.6311406,High,No,56.09933051,Ineffective,High Risk
37.1246333,74.18417387,33.04076998,54.16037693,Low,No,47.41056299,Ineffective,Low Risk
60.50464819,69.7237168,59.34066836,49.66581531,High,Yes,59.5801571,Effective,High Risk
41.36543261,74.59946794,59.44294376,54.83123466,High,Yes,49.04639691,Effective,High Risk
51.83014722,61.13191237,37.93526361,49.83361994,Low,Yes,28.23608163,Effective,Low Risk
88.40126807,51.13150458,63.43033146,37.80478442,Low,No,51.13364559,Effective,High Risk
48.5591015,25.97051282,40.52633406,62.34919874,High,Yes,65.73296213,Ineffective,Low Risk
67.23909989,46.30906268,53.79747857,53.38642285,High,No,49.56175391,Effective,Low Risk
39.45235362,37.35130107,62.30516019,50.26419878,Low,No,61.62672682,Ineffective,Low Risk
49.47517264,82.56414076,49.49581153,35.36950959,Low,No,34.31705771,Effective,Low Risk
76.56200953,47.36171281,56.82111368,69.55261898,Low,Yes,49.6060881,Effective,High Risk
40.59549413,51.8480721,42.25355534,59.97054118,Low,Yes,40.63234317,Effective,Low Risk
77.18672837,58.27228064,47.05300125,41.70618744,Low,Yes,61.2047126,Ineffective,High Risk
60.61627903,50.6540367,46.91210854,65.02737281,High,No,50.47237343,Effective,Low Risk
41.56299836,75.42576561,38.8013248,42.53643742,High,Yes,60.35110515,Ineffective,High Risk
59.48611609,40.66025957,47.34838755,38.26994761,High,No,66.31565639,Ineffective,High Risk
64.58831674,52.91911183,26.77072552,38.60445324,High,No,60.37427863,Effective,Low Risk
59.32714943,38.86294121,42.63269379,23.4339717,Low,No,54.09677651,Ineffective,Low Risk
26.4466292,30.19966233,45.7268676,57.07313571,Low,No,35.02681612,Ineffective,Low Risk
39.09294236,40.82346364,46.15730371,22.53282682,Low,No,49.95820834,Effective,Low Risk
46.28722047,49.44444804,46.37753831,31.57334253,High,No,42.00364397,Effective,Low Risk
48.88349856,43.56046663,49.073537,18.86617986,Low,Yes,44.83904065,Effective,Low Risk
59.31008146,39.6136853,57.19162277,48.70895461,Low,No,44.38198774,Effective,Low Risk
52.66551501,28.90523804,63.11775611,47.7451931,High,Yes,35.30111638,Effective,Low Risk
29.96983462,48.75341641,40.2535216,45.0995568,High,No,20.63992116,Effective,Low Risk
55.70296777,27.42919439,31.95198717,34.36133458,High,Yes,39.97785428,Ineffective,Low Risk
59.15878618,61.40083946,34.36933382,32.4164937,Low,Yes,52.90069178,Effective,Low Risk
58.39685672,51.23659629,42.69195618,56.96554795,Low,Yes,29.77734432,Effective,Low Risk
66.21171088,28.13672751,44.72118023,41.74172102,High,Yes,50.23523355,Ineffective,Low Risk
62.50883232,45.36186384,38.45005901,54.74537482,High,No,78.50402636,Effective,High Risk
56.88770119,38.71765392,30.55825004,36.72126971,Low,No,65.34584833,Ineffective,Low Risk
48.94751433,54.78761766,43.15818759,52.71594114,High,No,74.65312264,Effective,High Risk
25.085586,70.10675669,52.7213993,69.54917056,Low,No,55.86691815,Effective,Low Risk
56.44427329,21.87241296,58.92544199,58.79248701,High,Yes,67.51264734,Ineffective,Low Risk
53.11531531,51.72539119,41.6386542,43.81379273,High,Yes,39.14052904,Effective,Low Risk
54.07368256,47.59800807,43.80503267,53.85798456,High,Yes,40.33489599,Ineffective,Low Risk
30.84877136,60.07010115,36.09952537,46.39002238,Low,No,8.912896908,Effective,Low Risk
33.78415189,53.19794942,49.52841244,50.11820277,Low,Yes,67.79218211,Effective,Low Risk
65.7972928,38.72046002,37.27357049,45.11583422,High,No,73.1048597,Ineffective,High Risk
49.40667269,45.21419097,58.5969172,47.53497191,Low,Yes,41.70234132,Effective,Low Risk
60.22251046,38.05961215,23.21200262,53.1814003,High,Yes,46.1907244,Effective,Low Risk
50.42477564,66.14010708,44.60555491,35.09961951,High,Yes,38.69206829,Ineffective,Low Risk
50.44634209,50.31967473,54.51661009,34.7618176,Low,Yes,55.73980327,Effective,Low Risk
64.07425709,78.51786029,52.75751774,29.17186169,Low,Yes,66.87398818,Ineffective,High Risk
42.25932908,49.09008779,90.39550496,25.99593343,Low,No,23.85842039,Effective,Low Risk
51.44181165,39.3738985,55.24700037,31.74075962,Low,Yes,56.14157796,Ineffective,Low Risk
43.06587067,27.29428411,34.93918105,52.3919376,High,No,45.84992342,Effective,Low Risk
43.48255659,22.95290486,48.56803629,36.60818727,Low,No,51.70091588,Ineffective,Low Risk
45.36241815,26.23796085,23.356305,57.70421696,Low,No,56.88491003,Ineffective,Low Risk
53.33200657,54.00689977,48.79100376,50.52070623,High,No,47.17696342,Effective,Low Risk
42.81877068,57.63087535,37.50415914,20.4724368,High,No,48.4461972,Effective,Low Risk
68.83634188,26.28213947,63.73085413,59.82463376,High,No,46.79187249,Ineffective,Low Risk
36.58089047,63.42557471,41.75689588,62.16197968,High,No,64.55474303,Effective,Low Risk
47.19692534,42.75408422,48.24851126,35.09205988,Low,No,56.2813994,Ineffective,Low Risk
43.40403413,52.20189518,40.46663238,56.30287314,Low,Yes,53.30875307,Effective,Low Risk
71.70466827,74.18330942,76.08277028,37.15252644,High,Yes,30.93572418,Effective,High Risk
52.94832165,63.45258974,45.18135851,51.46505565,High,No,44.32130385,Ineffective,Low Risk
65.47766809,45.97204028,77.48835565,31.0325239,Low,No,63.48003741,Ineffective,High Risk
27.7165944,36.63211662,62.21227643,23.10340321,Low,No,50.5654486,Effective,Low Risk
54.00575399,17.72276898,57.23100091,44.25774216,Low,Yes,59.89297204,Effective,Low Risk
63.34446193,39.21270021,55.53099721,48.14406581,Low,Yes,76.497677,Effective,High Risk
51.23425984,46.83304642,55.90695947,44.0348046,Low,No,65.57909104,Effective,High Risk
65.98220563,35.19230709,21.08491131,32.23954163,High,No,51.39737507,Effective,Low Risk
42.24067325,48.03114549,45.81674909,44.00151407,High,Yes,42.33516245,Ineffective,Low Risk
71.1402116,51.15277824,62.67736957,54.03942129,High,Yes,11.69675606,Effective,Low Risk
84.48347185,46.62716027,49.26654225,49.32660455,High,No,47.47422616,Effective,High Risk
44.55742159,40.24996129,28.9221523,52.73751546,Low,No,45.10981256,Ineffective,Low Risk
43.31746218,52.52982008,49.21393324,39.94827199,High,No,55.85549292,Ineffective,Low Risk
71.80076716,56.62910974,75.56158274,67.57576872,Low,No,47.6914216,Ineffective,High Risk
73.69358219,33.64401384,68.70337573,32.35739995,Low,Yes,45.19422411,Effective,Low Risk
42.15709959,71.1639857,49.06993986,57.31340446,Low,Yes,23.30901604,Ineffective,Low Risk
43.69719774,48.52117802,64.27173916,67.72836639,Low,No,35.90048256,Ineffective,Low Risk
45.77323087,50.28274434,44.50239469,57.21362139,Low,No,57.14976561,Ineffective,Low Risk
29.83324233,60.62321635,24.4419262,46.96213659,Low,No,75.73861447,Ineffective,Low Risk
36.2202208,53.49824197,36.13301018,42.0755443,Low,Yes,48.53711924,Effective,Low Risk
34.9378885,64.29704951,73.44333153,65.54131477,High,No,54.9171661,Effective,High Risk
38.48303652,54.30686248,45.89010377,28.65537612,Low,No,64.28717235,Effective,Low Risk
49.47972669,40.81343938,46.34924031,35.44813609,High,No,37.83659096,Ineffective,Low Risk
53.51322099,55.42255288,45.50242706,44.03663352,High,Yes,55.50221065,Ineffective,Low Risk
73.25750739,32.84410689,78.56204884,68.56480636,Low,No,38.89264841,Ineffective,Low Risk
35.02468939,51.62839559,74.38938373,55.69651454,Low,Yes,62.97236658,Ineffective,High Risk
64.76483598,49.50155014,83.2817035,35.47931362,High,No,52.27104572,Ineffective,High Risk
46.79016734,46.87824714,47.61432184,45.34538442,High,No,54.47677721,Ineffective,Low Risk
49.25804436,48.07193733,54.43436733,40.78515284,High,No,38.26102104,Effective,Low Risk
60.12229238,21.77226432,27.25036176,39.35316512,High,Yes,60.60548539,Effective,Low Risk
33.15916968,41.76912638,72.15401639,64.68334338,Low,No,81.27069382,Ineffective,High Risk
55.73614619,51.39267352,32.48330673,29.42385306,Low,No,34.88132457,Effective,Low Risk
52.49678312,52.39784588,53.25163346,74.13171284,Low,Yes,44.90361489,Ineffective,Low Risk
57.38676896,34.58487289,33.54046209,62.42344535,High,Yes,53.47411211,Ineffective,Low Risk
54.33752966,68.98561761,41.1669976,66.36292506,Low,Yes,61.79609318,Effective,High Risk
86.8295021,37.00737728,37.44106353,43.05590732,High,No,41.60680572,Ineffective,Low Risk
40.43390024,64.54185801,40.88187109,47.75088921,Low,Yes,7.504545648,Effective,Low Risk
42.03504567,56.40791543,41.91315945,28.50272278,High,No,70.38784241,Ineffective,Low Risk
40.6528921,40.30659035,41.77596808,42.13006389,Low,Yes,61.40759179,Ineffective,Low Risk
41.66784321,76.62966339,62.50000868,57.40482271,Low,Yes,23.85578704,Effective,Low Risk
40.43919309,32.09544752,33.4270581,69.44094593,High,Yes,40.88646812,Ineffective,Low Risk
67.83524797,63.7873126,53.30812141,33.39264775,High,No,73.52273644,Ineffective,High Risk
71.30756372,65.00873477,68.26938728,44.51741095,High,No,71.71694628,Ineffective,High Risk
41.43880559,39.94069686,42.30205453,47.7305117,High,No,64.07960034,Effective,Low Risk
37.5146664,70.8869795,39.23121664,29.06316197,High,No,47.35831349,Ineffective,Low Risk
57.07123335,46.24930228,46.54213062,58.87023863,Low,No,51.24481128,Ineffective,Low Risk
41.71665434,54.33040444,67.69587813,39.14014502,High,No,48.03611292,Ineffective,Low Risk
59.49397727,53.90482758,52.91161446,47.06914473,Low,No,66.92359675,Effective,High Risk
53.04384531,47.98536888,42.03178558,43.22075942,Low,No,36.8623639,Effective,Low Risk
27.26383828,62.1621241,57.25814977,38.15992241,Low,No,37.91300518,Effective,Low Risk
73.21257802,61.90233081,33.46561775,49.89432522,Low,Yes,65.1541188,Effective,High Risk
76.9381651,23.7720204,60.22039266,46.76585632,Low,Yes,49.33457817,Effective,Low Risk
40.80816964,69.56510364,56.12910962,44.42213177,High,No,70.67701033,Ineffective,High Risk
44.1844766,25.06262018,45.38287293,39.07307567,High,No,39.9273169,Effective,Low Risk
54.28798086,65.48819307,37.42121302,54.79287006,Low,No,49.17832459,Effective,Low Risk
55.01685185,66.90057705,36.69978617,74.80425903,Low,No,36.16380523,Ineffective,Low Risk
59.87816409,33.63550355,58.02226005,52.09830849,High,Yes,50.11044022,Effective,Low Risk
80.15306808,43.83778568,68.43470754,64.94177322,High,Yes,27.82179595,Ineffective,High Risk
47.34579159,33.41442997,40.44038379,29.14667112,Low,No,42.68549869,Effective,Low Risk
38.02554133,46.77618455,56.87580055,52.36642159,High,Yes,28.45619203,Ineffective,Low Risk
29.31021158,45.37948574,18.69459472,33.53947522,High,Yes,60.4088485,Ineffective,Low Risk
39.0360494,61.69490798,41.23073404,27.84612609,High,No,60.7488401,Effective,Low Risk
49.50309541,69.65463119,49.53411601,38.90942889,Low,No,24.04605904,Effective,Low Risk
76.91836795,70.93525716,36.35474875,67.87849002,High,No,70.00828618,Ineffective,High Risk
42.23583051,41.5674796,35.95240438,64.25023743,Low,No,87.4612269,Ineffective,Low Risk
53.35681927,46.86167189,39.98330665,53.64507083,Low,Yes,50.6900958,Ineffective,Low Risk
49.75365656,24.74842712,54.38289092,27.0094916,Low,No,40.3832861,Ineffective,Low Risk
67.8258991,37.911949,47.19006472,47.05579023,Low,Yes,92.36495887,Ineffective,High Risk
87.90398639,64.4727745,16.4265315,54.52550013,Low,No,30.21547253,Ineffective,Low Risk
42.03696841,74.23374235,18.18949771,52.63304344,High,Yes,50.301597,Ineffective,Low Risk
42.65840836,31.48476692,40.89702233,22.34309625,Low,No,52.69433409,Effective,Low Risk
65.66241316,41.11303611,56.86529879,36.64523228,Low,No,70.17721431,Ineffective,High Risk
60.22837234,49.60391365,8.787427359,49.03883354,Low,Yes,55.39608463,Effective,Low Risk
77.70060989,54.20241738,42.50404736,58.04436364,High,Yes,42.52049156,Effective,High Risk
58.75892278,37.8559472,42.10628215,17.05808268,High,Yes,35.73223444,Ineffective,Low Risk
44.61061864,56.36091567,70.82506667,47.56814037,High,No,44.8726727,Ineffective,Low Risk
58.85982246,42.89240979,44.22467282,52.14573155,High,Yes,34.89608959,Effective,Low Risk
66.63055371,49.78321594,55.74483477,62.74417983,High,Yes,50.7173798,Ineffective,High Risk
62.30723272,58.19426372,52.1188571,60.39286376,High,Yes,41.5370573,Ineffective,Low Risk
57.60911047,50.09633405,18.0415028,58.73856978,High,Yes,27.5894331,Effective,Low Risk
66.00012034,43.45421164,61.52310825,38.0008924,Low,Yes,68.82718683,Effective,High Risk
67.53943386,48.35585294,53.23094758,21.37996794,Low,Yes,42.53491215,Effective,Low Risk
70.73238487,48.67455561,57.6240296,44.10420864,High,Yes,30.97794793,Ineffective,Low Risk
59.73064831,44.44983455,108.8935656,65.02447738,Low,Yes,47.47611298,Ineffective,High Risk
47.4932288,46.11805906,18.73830591,70.90181791,Low,Yes,51.02557349,Effective,Low Risk
52.2007053,73.97970756,75.87044975,60.65823653,High,No,23.80299912,Ineffective,High Risk
68.0976345,58.41379172,45.68828721,56.44011234,Low,No,54.97471501,Effective,High Risk
37.74596494,45.56779523,54.30993357,55.69459473,Low,Yes,34.29263647,Ineffective,Low Risk
55.53009963,60.45431607,49.31731632,41.6582188,High,No,75.66543214,Effective,High Risk
44.09991782,44.99270765,43.636455,48.0490956,Low,No,57.85940768,Ineffective,Low Risk
50.43117234,67.59686956,41.45250608,75.03604289,High,Yes,44.00150015,Effective,Low Risk
69.17677794,55.54463288,54.94263103,35.86162991,High,Yes,38.82248345,Ineffective,High Risk
52.86648602,48.39046784,27.24239455,74.22168186,Low,Yes,48.42548439,Ineffective,Low Risk
50.69654822,56.71575389,61.25868751,45.16957768,Low,Yes,59.19186112,Effective,High Risk
29.60215789,26.43685772,43.75708393,69.88148164,Low,Yes,49.61758807,Ineffective,Low Risk
61.19380349,33.09848797,33.04895991,28.89777486,High,Yes,46.74261789,Ineffective,Low Risk
59.68226272,32.0911249,43.24980713,58.78856302,High,No,50.87555436,Effective,Low Risk
82.44882085,52.14414642,68.85723825,38.94844796,High,Yes,40.94211603,Ineffective,High Risk
45.38332648,75.98772499,41.96997369,28.77099212,Low,No,44.8519111,Ineffective,Low Risk
53.28725491,83.46950219,55.37680427,53.27801064,Low,Yes,18.71311342,Ineffective,Low Risk
53.74075526,59.57076652,39.03565586,65.14207683,High,Yes,64.60589346,Effective,High Risk
73.6617992,57.51266712,61.36882775,37.32587842,Low,No,54.4819667,Effective,High Risk
48.57056701,22.98413399,60.28261608,27.51476059,Low,Yes,38.39816234,Effective,Low Risk
54.18532289,41.859893,77.7291325,48.62232853,High,Yes,78.48102472,Effective,High Risk
59.11844765,38.18324372,47.36654082,48.68847007,High,No,51.30524721,Effective,Low Risk
52.79913685,40.68728603,60.02982207,58.22479441,Low,Yes,34.45784642,Ineffective,Low Risk
43.30349578,47.47784272,51.47101309,64.24391857,High,No,62.85106132,Ineffective,Low Risk
52.91134989,42.91864133,69.43807673,49.10877228,Low,Yes,55.97072325,Effective,Low Risk
66.10447625,20.31050284,39.21751419,77.83254972,High,Yes,55.91869978,Ineffective,Low Risk
34.60227051,61.21865384,61.17507969,53.36352117,High,No,43.61366593,Ineffective,Low Risk
51.99454511,33.90885461,47.07954056,44.80360241,High,Yes,56.75743586,Ineffective,Low Risk
39.49818778,53.58870296,49.03717734,25.82648961,Low,No,46.07362565,Ineffective,Low Risk
67.92569943,81.11124005,51.37628727,46.0601072,Low,No,58.33912177,Effective,High Risk
27.15219643,36.20923113,53.78360595,44.95419582,High,No,21.42583319,Effective,Low Risk
41.61617229,12.04568716,48.25656435,64.40457194,High,Yes,43.49189806,Ineffective,Low Risk
55.65817813,45.70993667,53.22069775,56.93725436,High,Yes,75.83232647,Ineffective,High Risk
73.48286044,66.51439452,73.67177086,32.30946318,Low,No,38.49398817,Effective,High Risk
49.01374608,79.37521181,64.78174528,52.5838158,High,Yes,40.94242554,Ineffective,High Risk
41.6720071,31.55675608,63.03731889,60.07296758,High,Yes,43.28057992,Ineffective,Low Risk
78.21735604,57.45048835,43.16690711,72.92047039,High,Yes,31.77790796,Ineffective,Low Risk
28.27979149,43.02034315,36.66138758,63.31255951,High,No,16.87578836,Effective,Low Risk
17.01791065,48.41077469,64.32950837,61.41269981,Low,Yes,46.54120402,Effective,Low Risk
56.60021675,89.66515021,63.14070189,50.90128992,Low,No,52.03789136,Ineffective,High Risk
42.46918663,27.45544507,72.09006014,55.82468008,High,Yes,49.21242397,Ineffective,Low Risk
34.68150774,53.80609492,40.94029061,68.74257351,Low,Yes,47.82682157,Ineffective,Low Risk
60.62534671,57.01539758,46.55677017,30.00833904,Low,No,50.64561306,Ineffective,High Risk
53.65701071,66.28679487,25.40773756,44.75841009,Low,Yes,65.34262207,Ineffective,High Risk
41.53882054,51.4697473,44.11293341,38.41146877,High,No,47.14330721,Ineffective,Low Risk
30.79543402,54.62075809,64.94855766,55.68729678,Low,Yes,41.38876134,Effective,Low Risk
63.08685992,44.12527149,43.00256931,68.45333263,Low,No,45.78311773,Effective,Low Risk
59.75301767,54.03690412,59.60719693,41.0453857,Low,Yes,58.6902014,Ineffective,High Risk
48.51236204,44.85211587,47.14245341,14.14543449,High,Yes,71.18040318,Effective,Low Risk
77.69955494,59.32357835,54.86085542,43.81668882,High,Yes,40.57784391,Ineffective,High Risk
33.94872851,44.45584496,32.78462915,63.70210598,Low,No,51.48400681,Ineffective,Low Risk
27.11712244,55.65650591,51.27814174,58.06444854,Low,No,55.07536163,Effective,Low Risk
39.62137895,49.56105779,5.132960436,56.42279372,High,No,35.1113299,Effective,Low Risk
49.31620975,66.89075376,47.19655763,45.80010047,High,Yes,50.30625751,Ineffective,High Risk
53.65009174,49.22909415,25.54290134,30.81453896,Low,No,28.01489214,Ineffective,Low Risk
46.38145913,23.40451298,68.08991775,57.72941482,Low,No,23.46424544,Effective,Low Risk
55.28083095,68.92882251,61.66111029,37.48577285,High,No,55.50119612,Effective,High Risk
31.22690864,36.41401549,57.00006473,82.761451,High,No,44.24187888,Ineffective,Low Risk
71.65646906,40.19350492,72.81509341,58.55760813,Low,No,53.03420611,Ineffective,High Risk
48.76773232,41.06508059,35.76625219,41.29027546,High,No,49.73157534,Ineffective,Low Risk
66.75943747,70.6165714,76.21044797,40.82922129,Low,No,35.35399927,Effective,High Risk
55.1408802,17.96488679,63.98287346,48.6058369,Low,No,49.32118547,Ineffective,Low Risk
56.85129829,97.066228,46.45167069,46.40747117,Low,No,31.50348042,Effective,High Risk
58.5465092,65.84085214,67.03430221,66.75250663,High,No,70.86458537,Ineffective,High Risk
56.7156284,53.34858371,33.40559731,52.79624255,Low,Yes,29.66044483,Effective,Low Risk
59.6408414,49.17658999,37.63228758,39.02552392,Low,Yes,47.06322094,Effective,Low Risk
69.93728795,54.28331112,40.87115415,78.35661028,High,No,34.36592618,Effective,Low Risk
52.94781755,57.81683643,42.06533438,50.73962497,High,Yes,58.5563176,Effective,Low Risk
60.63505636,59.67823379,34.15163536,61.53259514,Low,Yes,45.02852943,Ineffective,Low Risk
48.65396459,58.33406699,68.34624601,40.87660239,Low,No,42.21999921,Effective,Low Risk
71.60175823,51.34371022,46.11718399,55.44673442,High,No,62.79802318,Effective,High Risk
39.85411547,47.0399237,55.28757453,54.66664987,High,No,50.44145888,Effective,Low Risk
77.01410649,47.73090075,41.4447295,21.65526062,High,Yes,57.74966669,Ineffective,High Risk
49.39763074,47.07637579,22.69095049,80.22912666,Low,No,35.28011095,Ineffective,Low Risk
28.53837347,67.00655145,54.05086038,69.35966691,Low,Yes,28.92774584,Ineffective,Low Risk
51.92156622,58.90335083,21.31617537,44.04207026,Low,No,51.60811943,Ineffective,Low Risk
39.78422514,5.89417048,48.97048931,33.46595389,High,Yes,45.21730467,Ineffective,Low Risk
62.60965323,59.83851165,29.47527442,55.21342421,Low,Yes,59.39652009,Ineffective,High Risk
40.21064031,52.92104292,79.80913999,51.30046549,High,No,48.80137321,Effective,Low Risk
43.3072485,49.71936865,63.67044083,55.33503423,Low,No,53.07613009,Effective,Low Risk
21.65688904,44.1722232,51.58630687,52.87366094,High,Yes,25.64926205,Effective,Low Risk
43.21540521,66.8616908,68.95560016,57.59361484,Low,Yes,78.32655409,Ineffective,High Risk
13.6418101,64.21289693,37.30526034,71.70958549,Low,No,47.53637022,Effective,Low Risk
26.24145765,38.40683498,58.15219068,58.52154808,High,No,60.46380456,Effective,Low Risk
61.40621984,56.10578431,52.99715651,34.25516752,High,Yes,37.45862495,Ineffective,Low Risk
61.78700238,35.42514898,53.96030122,70.43844279,Low,No,54.62014853,Effective,Low Risk
56.38186343,29.30572753,69.0853025,74.60921845,High,Yes,30.45732855,Ineffective,Low Risk
35.49535785,40.59924163,60.98738154,97.28085102,High,No,56.78101757,Effective,Low Risk
49.28432966,62.93590209,54.33085494,33.1475895,Low,No,44.66038873,Ineffective,Low Risk
49.94596191,64.29687568,25.17668846,53.6432302,High,No,50.43785756,Ineffective,Low Risk
32.62452966,57.6962813,35.59930557,18.76851945,Low,Yes,60.46961045,Ineffective,Low Risk
72.55097453,60.8764368,48.159366,58.29723735,Low,No,31.51189533,Effective,Low Risk
63.16043436,57.74267431,51.40058561,41.77699553,High,Yes,39.73262404,Effective,Low Risk
46.68553739,40.37777607,33.04694413,78.85168692,High,No,56.85986422,Ineffective,Low Risk
50.40328758,56.47883817,86.17515013,38.38077545,Low,Yes,81.47332212,Ineffective,High Risk
53.12574212,62.00614288,72.74591083,24.66225443,Low,Yes,47.92876498,Effective,High Risk
19.37397697,61.31436995,59.03177481,42.93104389,Low,No,58.86704177,Effective,Low Risk
46.29233926,67.83370057,51.08055292,20.36768343,Low,Yes,48.39542795,Ineffective,Low Risk
39.77023628,60.62455771,46.81686545,61.26649182,Low,Yes,79.13368392,Effective,High Risk
34.97569985,55.27172311,35.7212231,19.02375431,Low,Yes,23.791675,Effective,Low Risk
45.78349561,66.05225357,51.16220778,50.42686372,High,Yes,51.41931567,Effective,Low Risk
76.9652979,49.60218111,53.8662881,18.8328227,High,No,25.6168395,Ineffective,Low Risk
59.61264292,36.77188023,31.37359137,45.19553293,High,No,12.40142644,Ineffective,Low Risk
41.43231515,47.55399554,55.01264626,74.65067234,Low,No,54.4619308,Effective,Low Risk
58.58874172,38.82646033,47.67111427,55.40971837,High,Yes,52.09246694,Ineffective,Low Risk
